image_a,off_a,image_b,off_b,len,delta
8R0907379BG,0xb47fc,4G0907379H_0361,0x15a8a4,275,0xa60a8
8R0907379BG,0x105a1d,4G0907379H_0361,0x15a7a4,261,0x54d87
8R0907379BG,0x1056b1,4G0907379H_0361,0x15a6a0,260,0x54fef
8R0907379BG,0x105b21,4G0907379H_0361,0x15aaa8,256,0x54f87
8R0907379BG,0x10509c,4G0907379H_0361,0x15b613,240,0x56577
8R0907379BG,0x104fb9,4G0907379H_0361,0x15b6f8,237,0x5673f
8R0907379BG,0x104ed5,4G0907379H_0361,0x15b44c,229,0x56577
8R0907379BG,0x104df1,4G0907379H_0361,0x15b7dc,228,0x569eb
8R0907379BG,0x105181,4G0907379H_0361,0x15b368,228,0x561e7
8R0907379BG,0xd7e1d,4G0907379H_0361,0x141ac0,182,0x69ca3
8R0907379BG,0x10596d,4G0907379H_0361,0x15c4a4,178,0x56b37
8R0907379BG,0x1057d5,4G0907379H_0361,0x15bdc0,167,0x565eb
8R0907379BG,0x1058d6,4G0907379H_0361,0x15bd29,152,0x56453
8R0907379BG,0xd8e43,4G0907379H_0361,0x143426,117,0x6a5e3
8R0907379BG,0xdcad1,4G0907379H_0361,0x148054,104,0x6b583
8R0907379BG,0xffc12,4G0907379H_0361,0x1026a5,97,0x2a93
8R0907379BG,0x105644,4G0907379H_0361,0x160e57,97,0x5b813
8R0907379BG,0xd85ad,4G0907379H_0361,0x143008,88,0x6aa5b
8R0907379BG,0x101711,4G0907379H_0361,0x104e18,82,0x3707
8R0907379BG,0xd0421,4G0907379H_0361,0x13ac04,76,0x6a7e3
8R0907379BG,0xd7b44,4G0907379H_0361,0x142787,73,0x6ac43
8R0907379BG,0x100fed,4G0907379H_0361,0x1063e4,71,0x53f7
8R0907379BG,0x1058a1,4G0907379H_0361,0x15bcf4,67,0x56453
8R0907379BG,0xfcb69,4G0907379H_0361,0x101108,66,0x459f
8R0907379BG,0x103671,4G0907379H_0361,0x1162f4,66,0x12c83
8R0907379BG,0xd7b01,4G0907379H_0361,0x142744,64,0x6ac43
8R0907379BG,0xd8609,4G0907379H_0361,0x143064,64,0x6aa5b
8R0907379BG,0xd90dd,4G0907379H_0361,0x1440f8,56,0x6b01b
8R0907379BG,0x1029c1,4G0907379H_0361,0x1116e0,55,0xed1f
8R0907379BG,0x102bd1,4G0907379H_0361,0x111c6c,55,0xf09b
8R0907379BG,0xd2b45,4G0907379H_0361,0x13c34c,54,0x69807
8R0907379BG,0xfd9c9,4G0907379H_0361,0x1083dc,54,0xaa13
8R0907379BG,0xffc81,4G0907379H_0361,0x102714,54,0x2a93
8R0907379BG,0xfc3d7,4G0907379H_0361,0x100f6e,53,0x4b97
8R0907379BG,0xd908d,4G0907379H_0361,0x1440a8,52,0x6b01b
8R0907379BG,0xd0331,4G0907379H_0361,0x13ab14,51,0x6a7e3
8R0907379BG,0xff4b5,4G0907379H_0361,0x10252c,50,0x3077
8R0907379BG,0x1036b5,4G0907379H_0361,0x116338,50,0x12c83
8R0907379BG,0xd1489,4G0907379H_0361,0x13a860,48,0x693d7
8R0907379BG,0xfb4b9,4G0907379H_0361,0xff628,48,0x416f
8R0907379BG,0x100eab,4G0907379H_0361,0x1062ae,47,0x5403
8R0907379BG,0xd9ab7,4G0907379H_0361,0x144946,46,0x6ae8f
8R0907379BG,0x104ce7,4G0907379H_0361,0x1590b2,46,0x543cb
8R0907379BG,0xd03cd,4G0907379H_0361,0x13abb0,44,0x6a7e3
8R0907379BG,0xd13a5,4G0907379H_0361,0x13a77c,44,0x693d7
8R0907379BG,0xfc421,4G0907379H_0361,0x100fac,44,0x4b8b
8R0907379BG,0xfe3ed,4G0907379H_0361,0x108e04,44,0xaa17
8R0907379BG,0xfead3,4G0907379H_0361,0x103492,44,0x49bf
8R0907379BG,0xff171,4G0907379H_0361,0x1028c4,44,0x3753
8R0907379BG,0x103179,4G0907379H_0361,0x111a9c,44,0xe923
8R0907379BG,0x102801,4G0907379H_0361,0x111c28,43,0xf427
8R0907379BG,0x104c2c,4G0907379H_0361,0x158ff7,43,0x543cb
8R0907379BG,0xc71df,4G0907379H_0361,0x129bfc,42,0x62a1d
8R0907379BG,0xfc325,4G0907379H_0361,0x100ebc,41,0x4b97
8R0907379BG,0x102b55,4G0907379H_0361,0x111a3c,41,0xeee7
8R0907379BG,0xd1355,4G0907379H_0361,0x13a72c,40,0x693d7
8R0907379BG,0xfcbad,4G0907379H_0361,0x10114c,40,0x459f
8R0907379BG,0xffffd,4G0907379H_0361,0x1028f0,40,0x28f3
8R0907379BG,0x1042d9,4G0907379H_0361,0x114d68,40,0x10a8f
8R0907379BG,0x104c63,4G0907379H_0361,0x15902e,40,0x543cb
8R0907379BG,0x104c89,4G0907379H_0361,0x159054,40,0x543cb
8R0907379BG,0xfc382,4G0907379H_0361,0x100f19,39,0x4b97
8R0907379BG,0x1017d4,4G0907379H_0361,0x10514b,39,0x3977
8R0907379BG,0x102775,4G0907379H_0361,0x111d20,39,0xf5ab
8R0907379BG,0x104cb9,4G0907379H_0361,0x159084,39,0x543cb
8R0907379BG,0x1052c1,4G0907379H_0361,0x12fca4,39,0x2a9e3
8R0907379BG,0xd0289,4G0907379H_0361,0x13aaa0,38,0x6a817
8R0907379BG,0x10355d,4G0907379H_0361,0x11644c,38,0x12eef
8R0907379BG,0x104b81,4G0907379H_0361,0x15ca00,38,0x57e7f
8R0907379BG,0xfee89,4G0907379H_0361,0x102fc8,37,0x413f
8R0907379BG,0x1005e9,4G0907379H_0361,0x1059d8,37,0x53ef
8R0907379BG,0x101b11,4G0907379H_0361,0x10ea60,37,0xcf4f
8R0907379BG,0xd13d5,4G0907379H_0361,0x13a7ac,36,0x693d7
8R0907379BG,0xd14bd,4G0907379H_0361,0x13a894,36,0x693d7
8R0907379BG,0xfc348,4G0907379H_0361,0x100edf,36,0x4b97
8R0907379BG,0x102b95,4G0907379H_0361,0x1112c8,36,0xe733
8R0907379BG,0x105621,4G0907379H_0361,0x161524,36,0x5bf03
8R0907379BG,0x105cbd,4G0907379H_0361,0x160d30,36,0x5b073
8R0907379BG,0x112ac9,4G0907379H_0361,0x1547a6,36,0x41cdd
8R0907379BG,0xd03fd,4G0907379H_0361,0x13abe0,35,0x6a7e3
8R0907379BG,0xf99b5,4G0907379H_0361,0x100248,35,0x6893
8R0907379BG,0xfc3a1,4G0907379H_0361,0x100f38,35,0x4b97
8R0907379BG,0x103259,4G0907379H_0361,0x111ac4,35,0xe86b
8R0907379BG,0x10438c,4G0907379H_0361,0x115733,35,0x113a7
8R0907379BG,0x104d2a,4G0907379H_0361,0x1590f5,35,0x543cb
8R0907379BG,0xd2a35,4G0907379H_0361,0x13c224,34,0x697ef
8R0907379BG,0xfc897,4G0907379H_0361,0x10188a,34,0x4ff3
8R0907379BG,0xfcda9,4G0907379H_0361,0x1013a8,33,0x45ff
8R0907379BG,0x104bd7,4G0907379H_0361,0x15ca56,33,0x57e7f
8R0907379BG,0x104d8a,4G0907379H_0361,0x159155,33,0x543cb
8R0907379BG,0x104dc1,4G0907379H_0361,0x15918c,33,0x543cb
8R0907379BG,0xbbfd5,4G0907379H_0361,0x1117e0,32,0x5580b
8R0907379BG,0xd02e4,4G0907379H_0361,0x13aacf,32,0x6a7eb
8R0907379BG,0xd1381,4G0907379H_0361,0x13a758,32,0x693d7
8R0907379BG,0xd13fd,4G0907379H_0361,0x13a7d4,32,0x693d7
8R0907379BG,0xdabc1,4G0907379H_0361,0x145b04,32,0x6af43
8R0907379BG,0x102bb5,4G0907379H_0361,0x111a7c,32,0xeec7
8R0907379BG,0x10320d,4G0907379H_0361,0x111d84,32,0xeb77
8R0907379BG,0x10493f,4G0907379H_0361,0x15c3f2,32,0x57ab3
8R0907379BG,0x10496d,4G0907379H_0361,0x15c420,32,0x57ab3
8R0907379BG,0x10499b,4G0907379H_0361,0x15c44e,32,0x57ab3
8R0907379BG,0x1049c9,4G0907379H_0361,0x15c47c,32,0x57ab3
8R0907379BG,0x104d57,4G0907379H_0361,0x159122,32,0x543cb
8R0907379BG,0xb5ac1,4G0907379H_0361,0x1647ab,31,0xaecea
8R0907379BG,0xfb48d,4G0907379H_0361,0xfea40,31,0x35b3
8R0907379BG,0xfc369,4G0907379H_0361,0x100f00,31,0x4b97
8R0907379BG,0xff2c5,4G0907379H_0361,0x101cf0,31,0x2a2b
8R0907379BG,0xff92b,4G0907379H_0361,0x102422,31,0x2af7
8R0907379BG,0x104bb0,4G0907379H_0361,0x15ca2f,31,0x57e7f
8R0907379BG,0xd2b05,4G0907379H_0361,0x13c304,30,0x697ff
8R0907379BG,0xd2b25,4G0907379H_0361,0x13c328,30,0x69803
8R0907379BG,0xfb841,4G0907379H_0361,0x100d58,30,0x5517
8R0907379BG,0xfe431,4G0907379H_0361,0x108e48,30,0xaa17
8R0907379BG,0x1005b8,4G0907379H_0361,0x1059a7,30,0x53ef
8R0907379BG,0x100f1b,4G0907379H_0361,0x10631e,30,0x5403
8R0907379BG,0x102d81,4G0907379H_0361,0x1117c0,30,0xea3f
8R0907379BG,0x104a0d,4G0907379H_0361,0x15d0e0,30,0x586d3
8R0907379BG,0x104a4d,4G0907379H_0361,0x15d120,30,0x586d3
8R0907379BG,0x100e79,4G0907379H_0361,0x106280,29,0x5407
8R0907379BG,0x1027b9,4G0907379H_0361,0x111bdc,29,0xf423
8R0907379BG,0x1048a2,4G0907379H_0361,0x115385,29,0x10ae3
8R0907379BG,0xd143d,4G0907379H_0361,0x13a814,28,0x693d7
8R0907379BG,0xd864d,4G0907379H_0361,0x1430a8,28,0x6aa5b
8R0907379BG,0xd9145,4G0907379H_0361,0x144160,28,0x6b01b
8R0907379BG,0x10387d,4G0907379H_0361,0x116604,28,0x12d87
8R0907379BG,0x104a2e,4G0907379H_0361,0x15d101,28,0x586d3
8R0907379BG,0x104a95,4G0907379H_0361,0x15bc4c,28,0x571b7
8R0907379BG,0x104ab7,4G0907379H_0361,0x15bc6e,28,0x571b7
8R0907379BG,0x104ad9,4G0907379H_0361,0x15bc90,28,0x571b7
8R0907379BG,0x105c29,4G0907379H_0361,0x160a58,28,0x5ae2f
8R0907379BG,0xb1e30,4G0907379H_0361,0x1589ec,27,0xa6bbc
8R0907379BG,0xd03b1,4G0907379H_0361,0x13ab94,27,0x6a7e3
8R0907379BG,0xfc8ef,4G0907379H_0361,0x1018e2,27,0x4ff3
8R0907379BG,0x1042a9,4G0907379H_0361,0x114d38,27,0x10a8f
8R0907379BG,0x104709,4G0907379H_0361,0x1151c8,27,0x10abf
8R0907379BG,0x104800,4G0907379H_0361,0x1152cf,27,0x10acf
8R0907379BG,0xb1e0b,4G0907379H_0361,0x1589b3,26,0xa6ba8
8R0907379BG,0xce1f9,4G0907379H_0361,0x135904,26,0x6770b
8R0907379BG,0xff45d,4G0907379H_0361,0x1024d0,26,0x3073
8R0907379BG,0xff479,4G0907379H_0361,0x1024ec,26,0x3073
8R0907379BG,0x100e4d,4G0907379H_0361,0x106254,26,0x5407
8R0907379BG,0x102c4d,4G0907379H_0361,0x1112a8,26,0xe65b
8R0907379BG,0x104601,4G0907379H_0361,0x1150a8,26,0x10aa7
8R0907379BG,0x1049f0,4G0907379H_0361,0x15d0c3,26,0x586d3
8R0907379BG,0x104a74,4G0907379H_0361,0x15bc2b,26,0x571b7
8R0907379BG,0xa2423,4G0907379H_0361,0x14b147,25,0xa8d24
8R0907379BG,0xa5e80,4G0907379H_0361,0x1634b4,25,0xbd634
8R0907379BG,0xbfd2c,4G0907379H_0361,0x141b67,25,0x81e3b
8R0907379BG,0xfc887,4G0907379H_0361,0x10187a,25,0x4ff3
8R0907379BG,0xff0ad,4G0907379H_0361,0x1031ec,25,0x413f
8R0907379BG,0xff8ad,4G0907379H_0361,0x1023bc,25,0x2b0f
8R0907379BG,0x1027da,4G0907379H_0361,0x111bfd,25,0xf423
8R0907379BG,0x10385d,4G0907379H_0361,0x1165e4,25,0x12d87
8R0907379BG,0xb1e3c,4G0907379H_0361,0x158ac8,24,0xa6c8c
8R0907379BG,0xb58cc,4G0907379H_0361,0x1617cc,24,0xabf00
8R0907379BG,0xd1421,4G0907379H_0361,0x13a7f8,24,0x693d7
8R0907379BG,0xd145d,4G0907379H_0361,0x13a834,24,0x693d7
8R0907379BG,0xd7e01,4G0907379H_0361,0x141aa8,24,0x69ca7
8R0907379BG,0xd866d,4G0907379H_0361,0x1430c8,24,0x6aa5b
8R0907379BG,0xd868a,4G0907379H_0361,0x1430e5,24,0x6aa5b
8R0907379BG,0x100c55,4G0907379H_0361,0x106038,24,0x53e3
8R0907379BG,0xd0365,4G0907379H_0361,0x13ab48,23,0x6a7e3
8R0907379BG,0xd1fc1,4G0907379H_0361,0x14a494,23,0x784d3
8R0907379BG,0xfe278,4G0907379H_0361,0x108fa7,23,0xad2f
8R0907379BG,0x101961,4G0907379H_0361,0x10f4c8,23,0xdb67
8R0907379BG,0x101b4a,4G0907379H_0361,0x10ea99,23,0xcf4f
8R0907379BG,0x1027e8,4G0907379H_0361,0x111c0b,23,0xf423
8R0907379BG,0x102b75,4G0907379H_0361,0x111a5c,23,0xeee7
8R0907379BG,0x105cf5,4G0907379H_0361,0x16115c,23,0x5b467
8R0907379BG,0xd7e1d,4G0907379_0190,0x12ecb4,182,0x56e97
8R0907379BG,0xd8e43,4G0907379_0190,0x130a1a,117,0x57bd7
8R0907379BG,0xdcad1,4G0907379_0190,0x1355b4,104,0x58ae3
8R0907379BG,0x100fe5,4G0907379_0190,0xf24c0,91,-0xeb25
8R0907379BG,0xd85ad,4G0907379_0190,0x1306f0,88,0x58143
8R0907379BG,0x101711,4G0907379_0190,0xf165c,82,-0x100b5
8R0907379BG,0xd0421,4G0907379_0190,0x128038,76,0x57c17
8R0907379BG,0xd7b44,4G0907379_0190,0x12fb77,73,0x58033
8R0907379BG,0xfcb69,4G0907379_0190,0xf41f4,66,-0x8975
8R0907379BG,0x103671,4G0907379_0190,0x107120,66,0x3aaf
8R0907379BG,0xd7b01,4G0907379_0190,0x12fb34,64,0x58033
8R0907379BG,0xd8609,4G0907379_0190,0x13074c,64,0x58143
8R0907379BG,0xd90dd,4G0907379_0190,0x131518,56,0x5843b
8R0907379BG,0x102bd1,4G0907379_0190,0x101790,55,-0x1441
8R0907379BG,0xd2b45,4G0907379_0190,0x1295c0,54,0x56a7b
8R0907379BG,0xfd9c9,4G0907379_0190,0xf8f2c,54,-0x4a9d
8R0907379BG,0xfc3d7,4G0907379_0190,0xf3802,53,-0x8bd5
8R0907379BG,0xd908d,4G0907379_0190,0x1314c8,52,0x5843b
8R0907379BG,0xd0331,4G0907379_0190,0x127f48,51,0x57c17
8R0907379BG,0xff4b5,4G0907379_0190,0xf4d20,50,-0xa795
8R0907379BG,0x1036b5,4G0907379_0190,0x107164,50,0x3aaf
8R0907379BG,0xd1489,4G0907379_0190,0x127c94,48,0x5680b
8R0907379BG,0xfb4b9,4G0907379_0190,0xefd4c,48,-0xb76d
8R0907379BG,0xff171,4G0907379_0190,0xf4784,47,-0xa9ed
8R0907379BG,0x100eab,4G0907379_0190,0xf238a,47,-0xeb21
8R0907379BG,0xd9ab7,4G0907379_0190,0x131bae,46,0x580f7
8R0907379BG,0xd03cd,4G0907379_0190,0x127fe4,44,0x57c17
8R0907379BG,0xd13a5,4G0907379_0190,0x127bb0,44,0x5680b
8R0907379BG,0xdc5f5,4G0907379_0190,0x12c5a6,44,0x4ffb1
8R0907379BG,0xfc421,4G0907379_0190,0xf3840,44,-0x8be1
8R0907379BG,0xfead3,4G0907379_0190,0xf512a,44,-0x99a9
8R0907379BG,0x103179,4G0907379_0190,0x101910,44,-0x1869
8R0907379BG,0x102801,4G0907379_0190,0x1016c8,43,-0x1139
8R0907379BG,0xc71df,4G0907379_0190,0x118b6c,42,0x5198d
8R0907379BG,0xfc324,4G0907379_0190,0xf374f,42,-0x8bd5
8R0907379BG,0xd1355,4G0907379_0190,0x127b60,40,0x5680b
8R0907379BG,0xfcbad,4G0907379_0190,0xf4238,40,-0x8975
8R0907379BG,0xffffd,4G0907379_0190,0xf441c,40,-0xbbe1
8R0907379BG,0xfc382,4G0907379_0190,0xf37ad,39,-0x8bd5
8R0907379BG,0x102775,4G0907379_0190,0x101e04,39,-0x971
8R0907379BG,0xd0289,4G0907379_0190,0x127ed4,38,0x57c4b
8R0907379BG,0x10355d,4G0907379_0190,0x106ea4,38,0x3947
8R0907379BG,0xd13d5,4G0907379_0190,0x127be0,36,0x5680b
8R0907379BG,0xd14bd,4G0907379_0190,0x127cc8,36,0x5680b
8R0907379BG,0xfc348,4G0907379_0190,0xf3773,36,-0x8bd5
8R0907379BG,0x102b95,4G0907379_0190,0x101c0c,36,-0xf89
8R0907379BG,0xd03fd,4G0907379_0190,0x128014,35,0x57c17
8R0907379BG,0xfc3a1,4G0907379_0190,0xf37cc,35,-0x8bd5
8R0907379BG,0x103259,4G0907379_0190,0x101938,35,-0x1921
8R0907379BG,0x10438c,4G0907379_0190,0x10777b,35,0x33ef
8R0907379BG,0xd2a35,4G0907379_0190,0x129498,34,0x56a63
8R0907379BG,0xfc897,4G0907379_0190,0xf3f72,34,-0x8925
8R0907379BG,0xfcda9,4G0907379_0190,0xf3b30,33,-0x9279
8R0907379BG,0xbbfd5,4G0907379_0190,0x101b58,32,0x45b83
8R0907379BG,0xd02e4,4G0907379_0190,0x127f03,32,0x57c1f
8R0907379BG,0xd1381,4G0907379_0190,0x127b8c,32,0x5680b
8R0907379BG,0xd13fd,4G0907379_0190,0x127c08,32,0x5680b
8R0907379BG,0xdabc1,4G0907379_0190,0x133140,32,0x5857f
8R0907379BG,0xfdd35,4G0907379_0190,0xf8ea8,32,-0x4e8d
8R0907379BG,0x102bb5,4G0907379_0190,0x10156c,32,-0x1649
8R0907379BG,0x10320d,4G0907379_0190,0x101e68,32,-0x13a5
8R0907379BG,0xb5ac1,4G0907379_0190,0x141213,31,0x8b752
8R0907379BG,0xfb48d,4G0907379_0190,0xefca8,31,-0xb7e5
8R0907379BG,0xfc369,4G0907379_0190,0xf3794,31,-0x8bd5
8R0907379BG,0xff2c5,4G0907379_0190,0xf4818,31,-0xaaad
8R0907379BG,0xff92b,4G0907379_0190,0xf4c62,31,-0xacc9
8R0907379BG,0xd2b05,4G0907379_0190,0x129578,30,0x56a73
8R0907379BG,0xd2b25,4G0907379_0190,0x12959c,30,0x56a77
8R0907379BG,0x100f1b,4G0907379_0190,0xf23fa,30,-0xeb21
8R0907379BG,0x102d81,4G0907379_0190,0x101f38,30,-0xe49
8R0907379BG,0x1005b9,4G0907379_0190,0xf27cc,29,-0xdded
8R0907379BG,0x100e79,4G0907379_0190,0xf235c,29,-0xeb1d
8R0907379BG,0x1027b9,4G0907379_0190,0x10167c,29,-0x113d
8R0907379BG,0x102fe1,4G0907379_0190,0x101cb8,29,-0x1329
8R0907379BG,0x1048a2,4G0907379_0190,0x1077f1,29,0x2f4f
8R0907379BG,0xd143d,4G0907379_0190,0x127c48,28,0x5680b
8R0907379BG,0xd864d,4G0907379_0190,0x130790,28,0x58143
8R0907379BG,0xd9145,4G0907379_0190,0x131580,28,0x5843b
8R0907379BG,0xfb841,4G0907379_0190,0xf389c,28,-0x7fa5
8R0907379BG,0x1029d9,4G0907379_0190,0x1015b4,28,-0x1425
8R0907379BG,0xd03b1,4G0907379_0190,0x127fc8,27,0x57c17
8R0907379BG,0xfc8ef,4G0907379_0190,0xf3fca,27,-0x8925
8R0907379BG,0xff62f,4G0907379_0190,0xf4956,27,-0xacd9
8R0907379BG,0x10053d,4G0907379_0190,0xf2758,27,-0xdde5
8R0907379BG,0x1042a9,4G0907379_0190,0x10785c,27,0x35b3
8R0907379BG,0x104709,4G0907379_0190,0x1076a4,27,0x2f9b
8R0907379BG,0x104800,4G0907379_0190,0x107c53,27,0x3453
8R0907379BG,0xce1f9,4G0907379_0190,0x1232e8,26,0x550ef
8R0907379BG,0xff45d,4G0907379_0190,0xf51fc,26,-0xa261
8R0907379BG,0xff479,4G0907379_0190,0xf5218,26,-0xa261
8R0907379BG,0x100e4d,4G0907379_0190,0xf2330,26,-0xeb1d
8R0907379BG,0x102c4d,4G0907379_0190,0x1019b0,26,-0x129d
8R0907379BG,0xa2423,4G0907379_0190,0x1386a3,25,0x96280
8R0907379BG,0xbfd2c,4G0907379_0190,0x12ed5b,25,0x6f02f
8R0907379BG,0xfc887,4G0907379_0190,0xf3f62,25,-0x8925
8R0907379BG,0xff8ad,4G0907379_0190,0xf4bfc,25,-0xacb1
8R0907379BG,0x1027da,4G0907379_0190,0x10169d,25,-0x113d
8R0907379BG,0x10385d,4G0907379_0190,0x1072fc,25,0x3a9f
8R0907379BG,0x10387d,4G0907379_0190,0x10731c,25,0x3a9f
8R0907379BG,0xd1421,4G0907379_0190,0x127c2c,24,0x5680b
8R0907379BG,0xd145d,4G0907379_0190,0x127c68,24,0x5680b
8R0907379BG,0xd7e01,4G0907379_0190,0x12ec9c,24,0x56e9b
8R0907379BG,0xd866d,4G0907379_0190,0x1307b0,24,0x58143
8R0907379BG,0xd868a,4G0907379_0190,0x1307cd,24,0x58143
8R0907379BG,0x100c55,4G0907379_0190,0xf2114,24,-0xeb41
8R0907379BG,0xd0365,4G0907379_0190,0x127f7c,23,0x57c17
8R0907379BG,0xd1fc1,4G0907379_0190,0x137938,23,0x65977
8R0907379BG,0xfe278,4G0907379_0190,0xf96a7,23,-0x4bd1
8R0907379BG,0x100909,4G0907379_0190,0xf1db0,23,-0xeb59
8R0907379BG,0x1027e8,4G0907379_0190,0x1016ab,23,-0x113d
4G0907379_0190,0xfdcd4,4G0907379H_0361,0x10d708,858,0xfa34
4G0907379_0190,0xf8f20,4G0907379H_0361,0x1083d0,822,0xf4b0
4G0907379_0190,0xe04a9,4G0907379H_0361,0xf1865,602,0x113bc
4G0907379_0190,0x11f83c,4G0907379H_0361,0x131954,591,0x12118
4G0907379_0190,0x12278c,4G0907379H_0361,0x135474,569,0x12ce8
4G0907379_0190,0x11c06e,4G0907379H_0361,0x12e75e,542,0x126f0
4G0907379_0190,0xe51c8,4G0907379H_0361,0xf66a8,489,0x114e0
4G0907379_0190,0x12d20c,4G0907379H_0361,0x13ff5c,466,0x12d50
4G0907379_0190,0x118d74,4G0907379H_0361,0x129e04,447,0x11090
4G0907379_0190,0x127ed4,4G0907379H_0361,0x13aaa0,440,0x12bcc
4G0907379_0190,0xf3948,4G0907379H_0361,0x1011ac,435,0xd864
4G0907379_0190,0x127b60,4G0907379H_0361,0x13a72c,434,0x12bcc
4G0907379_0190,0x129474,4G0907379H_0361,0x13c200,417,0x12d8c
4G0907379_0190,0x11d8d0,4G0907379H_0361,0x12fca4,416,0x123d4
4G0907379_0190,0xff386,4G0907379H_0361,0x110b44,411,0x117be
4G0907379_0190,0x1127e2,4G0907379H_0361,0x123c8e,383,0x114ac
4G0907379_0190,0x128df0,4G0907379H_0361,0x13bd18,367,0x12f28
4G0907379_0190,0xf985e,4G0907379H_0361,0x1090e6,365,0xf888
4G0907379_0190,0xdff40,4G0907379H_0361,0xf12fc,363,0x113bc
4G0907379_0190,0xe5679,4G0907379H_0361,0xf6b65,361,0x114ec
4G0907379_0190,0x118a48,4G0907379H_0361,0x129ad8,343,0x11090
4G0907379_0190,0xf99cc,4G0907379H_0361,0x109254,341,0xf888
4G0907379_0190,0xdee7c,4G0907379H_0361,0xed2d0,329,0xe454
4G0907379_0190,0x11fb1e,4G0907379H_0361,0x131c36,325,0x12118
4G0907379_0190,0x11604c,4G0907379H_0361,0x1275a4,309,0x11558
4G0907379_0190,0x11e25a,4G0907379H_0361,0x130356,285,0x120fc
4G0907379_0190,0x12ec90,4G0907379H_0361,0x141a9c,280,0x12e0c
4G0907379_0190,0x127688,4G0907379H_0361,0x13a250,275,0x12bc8
4G0907379_0190,0xe00a0,4G0907379H_0361,0xf145c,271,0x113bc
4G0907379_0190,0x1232e0,4G0907379H_0361,0x1358fc,269,0x1261c
4G0907379_0190,0x11e382,4G0907379H_0361,0x13047e,264,0x120fc
4G0907379_0190,0xf071a,4G0907379H_0361,0xffc32,263,0xf518
4G0907379_0190,0x12c372,4G0907379H_0361,0x13ea82,256,0x12710
4G0907379_0190,0xf0c34,4G0907379H_0361,0xfeab4,255,0xde80
4G0907379_0190,0xf0e80,4G0907379H_0361,0xfed14,250,0xde94
4G0907379_0190,0xdfd5c,4G0907379H_0361,0xf1118,246,0x113bc
4G0907379_0190,0x1306f0,4G0907379H_0361,0x143008,246,0x12918
4G0907379_0190,0xdfc6c,4G0907379H_0361,0xf1028,238,0x113bc
4G0907379_0190,0x1233e1,4G0907379H_0361,0x1359fd,238,0x1261c
4G0907379_0190,0x11ab48,4G0907379H_0361,0x12ced4,233,0x1238c
4G0907379_0190,0x12b4b6,4G0907379H_0361,0x13d62e,229,0x12178
4G0907379_0190,0x10ce09,4G0907379H_0361,0x11cdbd,226,0xffb4
4G0907379_0190,0x10cf71,4G0907379H_0361,0x11cf25,226,0xffb4
4G0907379_0190,0x1204a4,4G0907379H_0361,0x1325c0,226,0x1211c
4G0907379_0190,0xfb978,4G0907379H_0361,0x10b368,225,0xf9f0
4G0907379_0190,0x104870,4G0907379H_0361,0x115d00,225,0x11490
4G0907379_0190,0x12eee6,4G0907379H_0361,0x141bde,220,0x12cf8
4G0907379_0190,0xfaa9a,4G0907379H_0361,0x10a476,219,0xf9dc
4G0907379_0190,0xdfe64,4G0907379H_0361,0xf1220,218,0x113bc
4G0907379_0190,0x123ce6,4G0907379H_0361,0x1360ba,216,0x123d4
4G0907379_0190,0x132fc4,4G0907379H_0361,0x145988,210,0x129c4
4G0907379_0190,0xf4d77,4G0907379H_0361,0x101f3f,207,0xd1c8
4G0907379_0190,0x11079a,4G0907379H_0361,0x122baa,205,0x12410
4G0907379_0190,0x110934,4G0907379H_0361,0x122d44,205,0x12410
4G0907379_0190,0xe6f90,4G0907379H_0361,0xf8408,204,0x11478
4G0907379_0190,0xdfa49,4G0907379H_0361,0xedef1,201,0xe4a8
4G0907379_0190,0xf235c,4G0907379H_0361,0x106280,199,0x13f24
4G0907379_0190,0x112718,4G0907379H_0361,0x123bc4,199,0x114ac
4G0907379_0190,0xf7234,4G0907379H_0361,0x1067a0,197,0xf56c
4G0907379_0190,0x12da56,4G0907379H_0361,0x1402d2,197,0x1287c
4G0907379_0190,0x115444,4G0907379H_0361,0x13a668,196,0x25224
4G0907379_0190,0x106da8,4G0907379H_0361,0x116790,195,0xf9e8
4G0907379_0190,0x11365e,4G0907379H_0361,0x124606,195,0x10fa8
4G0907379_0190,0x10667c,4G0907379H_0361,0x117014,191,0x10998
4G0907379_0190,0x132054,4G0907379H_0361,0x144c4c,191,0x12bf8
4G0907379_0190,0x10d36c,4G0907379H_0361,0x11d320,188,0xffb4
4G0907379_0190,0xf0204,4G0907379H_0361,0xff67c,186,0xf478
4G0907379_0190,0x118baa,4G0907379H_0361,0x129c3a,185,0x11090
4G0907379_0190,0xf960c,4G0907379H_0361,0x108f0c,184,0xf900
4G0907379_0190,0x128468,4G0907379H_0361,0x13b1e4,182,0x12d7c
4G0907379_0190,0xf88e4,4G0907379H_0361,0x108fc0,180,0x106dc
4G0907379_0190,0x1213cc,4G0907379H_0361,0x132fd4,180,0x11c08
4G0907379_0190,0x110a04,4G0907379H_0361,0x122e14,178,0x12410
4G0907379_0190,0x11bb76,4G0907379H_0361,0x12e264,178,0x126ee
4G0907379_0190,0xec926,4G0907379H_0361,0xfd0ce,177,0x107a8
4G0907379_0190,0xff644,4G0907379H_0361,0x110e04,176,0x117c0
4G0907379_0190,0xddb24,4G0907379H_0361,0xebf14,175,0xe3f0
4G0907379_0190,0x132e64,4G0907379H_0361,0x145778,175,0x12914
4G0907379_0190,0x11265c,4G0907379H_0361,0x123b08,174,0x114ac
4G0907379_0190,0xe5bca,4G0907379H_0361,0xf70aa,173,0x114e0
4G0907379_0190,0x118f36,4G0907379H_0361,0x129fc6,173,0x11090
4G0907379_0190,0x11adea,4G0907379H_0361,0x12d176,173,0x1238c
4G0907379_0190,0x123bfc,4G0907379H_0361,0x135fd0,170,0x123d4
4G0907379_0190,0x128c48,4G0907379H_0361,0x13b9c8,170,0x12d80
4G0907379_0190,0x1321e4,4G0907379H_0361,0x144f6c,170,0x12d88
4G0907379_0190,0xddc08,4G0907379H_0361,0xebff8,169,0xe3f0
4G0907379_0190,0x132312,4G0907379H_0361,0x14509a,169,0x12d88
4G0907379_0190,0x130ec4,4G0907379H_0361,0x143ab0,168,0x12bec
4G0907379_0190,0xff978,4G0907379H_0361,0x10f578,167,0xfc00
4G0907379_0190,0xdf66a,4G0907379H_0361,0xedb12,166,0xe4a8
4G0907379_0190,0xf0d28,4G0907379H_0361,0xfeba8,162,0xde80
4G0907379_0190,0xf2aac,4G0907379H_0361,0x105308,162,0x1285c
4G0907379_0190,0xdf7e0,4G0907379H_0361,0xedc88,161,0xe4a8
4G0907379_0190,0x1212fa,4G0907379H_0361,0x132f02,161,0x11c08
4G0907379_0190,0x131bae,4G0907379H_0361,0x144946,160,0x12d98
4G0907379_0190,0x125136,4G0907379H_0361,0x137dd2,159,0x12c9c
4G0907379_0190,0xfad70,4G0907379H_0361,0x10a750,158,0xf9e0
4G0907379_0190,0xdf740,4G0907379H_0361,0xedbe8,157,0xe4a8
4G0907379_0190,0x131509,4G0907379H_0361,0x1440e9,156,0x12be0
4G0907379_0190,0x133720,4G0907379H_0361,0x14623c,155,0x12b1c
4G0907379_0190,0xf9fac,4G0907379H_0361,0x1098d8,153,0xf92c
4G0907379_0190,0x1119c4,4G0907379H_0361,0x123898,151,0x11ed4
4G0907379_0190,0x11993e,4G0907379H_0361,0x12a5e2,151,0x10ca4
4G0907379_0190,0xe0929,4G0907379H_0361,0xf1ce5,150,0x113bc
4G0907379_0190,0xee178,4G0907379H_0361,0xfe910,148,0x10798
4G0907379_0190,0x10466c,4G0907379H_0361,0x115b00,147,0x11494
4G0907379_0190,0xf5240,4G0907379H_0361,0x101e54,146,0xcc14
4G0907379_0190,0x110ab7,4G0907379H_0361,0x122ec7,146,0x12410
4G0907379_0190,0xe06fe,4G0907379H_0361,0xf1aba,145,0x113bc
4G0907379_0190,0x10472c,4G0907379H_0361,0x115bc0,145,0x11494
4G0907379_0190,0x115f70,4G0907379H_0361,0x1274c8,145,0x11558
4G0907379_0190,0x11b946,4G0907379H_0361,0x12e03e,145,0x126f8
4G0907379_0190,0x1017c0,4G0907379H_0361,0x1114d8,144,0xfd18
4G0907379_0190,0x115108,4G0907379H_0361,0x13a56c,144,0x25464
4G0907379_0190,0xf3cdc,4G0907379H_0361,0x1015c0,143,0xd8e4
4G0907379_0190,0x1144b8,4G0907379H_0361,0x126770,143,0x122b8
4G0907379_0190,0x1197f4,4G0907379H_0361,0x1298a8,143,0x100b4
4G0907379_0190,0x12fb34,4G0907379H_0361,0x142744,143,0x12c10
4G0907379_0190,0xfae0f,4G0907379H_0361,0x10a7ef,142,0xf9e0
4G0907379_0190,0x107414,4G0907379H_0361,0x1168bc,142,0xf4a8
4G0907379_0190,0x133120,4G0907379H_0361,0x145ae4,142,0x129c4
4G0907379_0190,0x104a04,4G0907379H_0361,0x115e94,141,0x11490
4G0907379_0190,0x11fcda,4G0907379H_0361,0x131df2,141,0x12118
4G0907379_0190,0x12c907,4G0907379H_0361,0x14289b,141,0x15f94
4G0907379_0190,0x124f98,4G0907379H_0361,0x137c34,140,0x12c9c
4G0907379_0190,0x127d0e,4G0907379H_0361,0x13a8da,140,0x12bcc
4G0907379_0190,0x12b9e0,4G0907379H_0361,0x13df8c,140,0x125ac
4G0907379_0190,0x133c46,4G0907379H_0361,0x14675e,140,0x12b18
4G0907379_0190,0xf229c,4G0907379H_0361,0x1061c0,139,0x13f24
4G0907379_0190,0x111712,4G0907379H_0361,0x1235e6,139,0x11ed4
4G0907379_0190,0x1189c4,4G0907379H_0361,0x129a54,139,0x11090
4G0907379_0190,0xde890,4G0907379H_0361,0xecd44,135,0xe4b4
4G0907379_0190,0xf76d0,4G0907379H_0361,0x106c9c,135,0xf5cc
4G0907379_0190,0x11485b,4G0907379H_0361,0x128d83,135,0x14528
4G0907379_0190,0x12034c,4G0907379H_0361,0x132468,135,0x1211c
4G0907379_0190,0xf40a8,4G0907379H_0361,0x1019c0,134,0xd918
4G0907379_0190,0x1071b8,4G0907379H_0361,0x11638c,134,0xf1d4
4G0907379_0190,0x12eaa6,4G0907379H_0361,0x14179a,134,0x12cf4
4G0907379_0190,0xface8,4G0907379H_0361,0x10a6c8,133,0xf9e0
4G0907379_0190,0x104a94,4G0907379H_0361,0x115f24,133,0x11490
4G0907379_0190,0x10af22,4G0907379H_0361,0x11a6a6,133,0xf784
4G0907379_0190,0x127d9c,4G0907379H_0361,0x13a968,133,0x12bcc
4G0907379_0190,0x11bf18,4G0907379H_0361,0x12f5ec,132,0x136d4
4G0907379_0190,0x13e7c6,4G0907379H_0361,0x1638dc,132,0x25116
4G0907379_0190,0x104b90,4G0907379H_0361,0x116020,131,0x11490
4G0907379_0190,0x1113bc,4G0907379H_0361,0x123290,131,0x11ed4
4G0907379_0190,0x115e92,4G0907379H_0361,0x1273ea,131,0x11558
4G0907379_0190,0x1188c0,4G0907379H_0361,0x129950,131,0x11090
4G0907379_0190,0x11a908,4G0907379H_0361,0x12c198,131,0x11890
4G0907379_0190,0x123eaa,4G0907379H_0361,0x136b52,130,0x12ca8
4G0907379_0190,0xde6dc,4G0907379H_0361,0xecb90,129,0xe4b4
4G0907379_0190,0x10d25c,4G0907379H_0361,0x11d210,129,0xffb4
4G0907379_0190,0x11b248,4G0907379H_0361,0x12d5e8,129,0x123a0
4G0907379_0190,0x12a8e4,4G0907379H_0361,0x13ce98,129,0x125b4
4G0907379_0190,0x1355b4,4G0907379H_0361,0x148054,129,0x12aa0
4G0907379_0190,0xf3d9c,4G0907379H_0361,0x101680,128,0xd8e4
4G0907379_0190,0xe7295,4G0907379H_0361,0xf8705,127,0x11470
4G0907379_0190,0xf53c8,4G0907379H_0361,0x10280c,126,0xd444
4G0907379_0190,0xfedee,4G0907379H_0361,0x1105b2,126,0x117c4
4G0907379_0190,0x107c0c,4G0907379H_0361,0x115288,126,0xd67c
4G0907379_0190,0x12a994,4G0907379H_0361,0x13cf48,126,0x125b4
4G0907379_0190,0x130668,4G0907379H_0361,0x142f80,126,0x12918
4G0907379_0190,0x134230,4G0907379H_0361,0x146f14,126,0x12ce4
4G0907379_0190,0xdd466,4G0907379H_0361,0xeb85e,125,0xe3f8
4G0907379_0190,0xe0ad2,4G0907379H_0361,0xf1e8e,125,0x113bc
4G0907379_0190,0xe4fde,4G0907379H_0361,0xf64c2,125,0x114e4
4G0907379_0190,0x120998,4G0907379H_0361,0x132ab0,124,0x12118
4G0907379_0190,0x13211c,4G0907379H_0361,0x144d14,123,0x12bf8
4G0907379_0190,0x1354bc,4G0907379H_0361,0x147f5c,123,0x12aa0
4G0907379_0190,0x12b7e4,4G0907379H_0361,0x13def0,122,0x1270c
4G0907379_0190,0xf3802,4G0907379H_0361,0x100f6e,121,0xd76c
4G0907379_0190,0x10dc96,4G0907379H_0361,0x120632,121,0x1299c
4G0907379_0190,0x11af60,4G0907379H_0361,0x127d04,121,0xcda4
4G0907379_0190,0x12fbbc,4G0907379H_0361,0x1427cc,121,0x12c10
4G0907379_0190,0x127e24,4G0907379H_0361,0x13a9f0,119,0x12bcc
4G0907379_0190,0xece70,4G0907379H_0361,0xfd61c,118,0x107ac
4G0907379_0190,0xf165c,4G0907379H_0361,0x104e18,118,0x137bc
4G0907379_0190,0x11894c,4G0907379H_0361,0x1299dc,117,0x11090
4G0907379_0190,0x124f20,4G0907379H_0361,0x137bbc,117,0x12c9c
4G0907379_0190,0x130a1a,4G0907379H_0361,0x143426,117,0x12a0c
4G0907379_0190,0x1346b0,4G0907379H_0361,0x147308,117,0x12c58
4G0907379_0190,0x135be8,4G0907379H_0361,0x148594,117,0x129ac
4G0907379_0190,0x136d1d,4G0907379H_0361,0x149869,117,0x12b4c
4G0907379_0190,0xf3e90,4G0907379H_0361,0x101794,115,0xd904
4G0907379_0190,0x12acc2,4G0907379H_0361,0x13d10a,115,0x12448
4G0907379_0190,0x130128,4G0907379H_0361,0x142a40,115,0x12918
4G0907379_0190,0x11620c,4G0907379H_0361,0x127764,114,0x11558
4G0907379_0190,0x130c18,4G0907379H_0361,0x143624,114,0x12a0c
4G0907379_0190,0xff8e8,4G0907379H_0361,0x1110ac,113,0x117c4
4G0907379_0190,0x111482,4G0907379H_0361,0x123356,113,0x11ed4
4G0907379_0190,0x104c16,4G0907379H_0361,0x1160a6,112,0x11490
4G0907379_0190,0x126bb9,4G0907379H_0361,0x139211,112,0x12658
4G0907379_0190,0x13f4a8,4G0907379H_0361,0x163d40,112,0x24898
4G0907379_0190,0x131d4a,4G0907379H_0361,0x144a12,111,0x12cc8
4G0907379_0190,0xf1078,4G0907379H_0361,0xfef24,110,0xdeac
4G0907379_0190,0xf4504,4G0907379H_0361,0x1029d8,110,0xe4d4
4G0907379_0190,0xf18c8,4G0907379H_0361,0x1064e4,109,0x14c1c
4G0907379_0190,0xfaf5c,4G0907379H_0361,0x10a93c,109,0xf9e0
4G0907379_0190,0x11ed26,4G0907379H_0361,0x13110a,109,0x123e4
4G0907379_0190,0x133278,4G0907379H_0361,0x145ce8,109,0x12a70
4G0907379_0190,0xfed2e,4G0907379H_0361,0x1104f2,108,0x117c4
4G0907379_0190,0x101e34,4G0907379H_0361,0x111d50,108,0xff1c
4G0907379_0190,0xde77e,4G0907379H_0361,0xecc32,107,0xe4b4
4G0907379_0190,0xfbbac,4G0907379H_0361,0x10b59c,107,0xf9f0
4G0907379_0190,0xfe802,4G0907379H_0361,0x10e29a,107,0xfa98
4G0907379_0190,0x119762,4G0907379H_0361,0x129816,107,0x100b4
4G0907379_0190,0x126b5c,4G0907379H_0361,0x1391b4,107,0x12658
4G0907379_0190,0x134508,4G0907379H_0361,0x147158,107,0x12c50
4G0907379_0190,0x13503c,4G0907379H_0361,0x1478dc,107,0x128a0
4G0907379_0190,0x135918,4G0907379H_0361,0x14833c,107,0x12a24
4G0907379_0190,0xe0b4d,4G0907379H_0361,0xf1f09,106,0x113bc
4G0907379_0190,0x100cb0,4G0907379H_0361,0x10ee4c,106,0xe19c
4G0907379_0190,0x11ed96,4G0907379H_0361,0x13117a,106,0x123e4
4G0907379_0190,0x1329a4,4G0907379H_0361,0x145424,106,0x12a80
4G0907379_0190,0x13533c,4G0907379H_0361,0x147ddc,106,0x12aa0
4G0907379_0190,0x1364c0,4G0907379H_0361,0x148ed4,106,0x12a14
4G0907379_0190,0x10496e,4G0907379H_0361,0x115dfe,105,0x11490
4G0907379_0190,0x12f5aa,4G0907379H_0361,0x1426ca,104,0x13120
4G0907379_0190,0x11156c,4G0907379H_0361,0x123440,103,0x11ed4
4G0907379_0190,0x11b336,4G0907379H_0361,0x12d6d6,103,0x123a0
4G0907379_0190,0x1366d0,4G0907379H_0361,0x149158,103,0x12a88
4G0907379_0190,0x14b390,4G0907379H_0361,0x16572c,103,0x1a39c
4G0907379_0190,0xe7d51,4G0907379H_0361,0xf91b1,102,0x11460
4G0907379_0190,0x11b3fc,4G0907379H_0361,0x12d79c,102,0x123a0
4G0907379_0190,0x135a07,4G0907379H_0361,0x14842b,102,0x12a24
4G0907379_0190,0x135f14,4G0907379H_0361,0x1487d8,102,0x128c4
4G0907379_0190,0x1367a0,4G0907379H_0361,0x149228,102,0x12a88
4G0907379_0190,0xe62e6,4G0907379H_0361,0xf77ae,101,0x114c8
4G0907379_0190,0x10db46,4G0907379H_0361,0x1204e2,101,0x1299c
4G0907379_0190,0x119f2e,4G0907379H_0361,0x12bb7a,101,0x11c4c
4G0907379_0190,0x11bc5c,4G0907379H_0361,0x12f350,101,0x136f4
4G0907379_0190,0x133d04,4G0907379H_0361,0x14681c,101,0x12b18
4G0907379_0190,0x13582c,4G0907379H_0361,0x148250,101,0x12a24
4G0907379_0190,0xed5fa,4G0907379H_0361,0xfdda2,100,0x107a8
4G0907379_0190,0x130a84,4G0907379H_0361,0x143490,100,0x12a0c
4G0907379_0190,0xe0784,4G0907379H_0361,0xf1b40,99,0x113bc
4G0907379_0190,0xfe1fc,4G0907379H_0361,0x10dc30,99,0xfa34
4G0907379_0190,0xfecb0,4G0907379H_0361,0x110474,99,0x117c4
4G0907379_0190,0xff2ea,4G0907379H_0361,0x110aa6,99,0x117bc
4G0907379_0190,0x101670,4G0907379H_0361,0x111bd0,99,0x10560
4G0907379_0190,0xf5d90,4G0907379H_0361,0x104b5c,98,0xedcc
4G0907379_0190,0xf7866,4G0907379H_0361,0x106e40,98,0xf5da
4G0907379_0190,0x106c3c,4G0907379H_0361,0x1175d4,97,0x10998
4G0907379_0190,0x1161aa,4G0907379H_0361,0x127702,97,0x11558
4G0907379_0190,0x11bcd4,4G0907379H_0361,0x12f3c8,97,0x136f4
4G0907379_0190,0x12aa7e,4G0907379H_0361,0x13d1a6,97,0x12728
4G0907379_0190,0x134478,4G0907379H_0361,0x1470c8,97,0x12c50
4G0907379_0190,0x136938,4G0907379H_0361,0x1493c0,97,0x12a88
4G0907379_0190,0x101608,4G0907379H_0361,0x1111a4,96,0xfb9c
4G0907379_0190,0x12917a,4G0907379H_0361,0x13bf06,96,0x12d8c
4G0907379_0190,0xfed8c,4G0907379H_0361,0x110550,95,0x117c4
4G0907379_0190,0x126988,4G0907379H_0361,0x138fe0,95,0x12658
4G0907379_0190,0xf5b58,4G0907379H_0361,0x1035cc,94,0xda74
4G0907379_0190,0xf71d4,4G0907379H_0361,0x106740,94,0xf56c
4G0907379_0190,0x133e10,4G0907379H_0361,0x1469c4,94,0x12bb4
4G0907379_0190,0x13652c,4G0907379H_0361,0x148fac,94,0x12a80
4G0907379_0190,0xddd24,4G0907379H_0361,0xec114,93,0xe3f0
4G0907379_0190,0x114cf8,4G0907379H_0361,0x126fb0,93,0x122b8
4G0907379_0190,0x12e6f8,4G0907379H_0361,0x1411b8,93,0x12ac0
4G0907379_0190,0x133afc,4G0907379H_0361,0x146574,93,0x12a78
4G0907379_0190,0x1077d4,4G0907379H_0361,0x115368,92,0xdb94
4G0907379_0190,0x10cf15,4G0907379H_0361,0x11cec9,92,0xffb4
4G0907379_0190,0x10ee64,4G0907379H_0361,0x11e3e4,92,0xf580
4G0907379_0190,0x1283f4,4G0907379H_0361,0x13b170,92,0x12d7c
4G0907379_0190,0xde510,4G0907379H_0361,0xec978,91,0xe468
4G0907379_0190,0xe0fa4,4G0907379H_0361,0xf2360,91,0x113bc
4G0907379_0190,0xe5550,4G0907379H_0361,0xf6a38,91,0x114e8
4G0907379_0190,0xe695a,4G0907379H_0361,0xf7df4,91,0x1149a
4G0907379_0190,0xf170c,4G0907379H_0361,0x104ed0,91,0x137c4
4G0907379_0190,0x104ca0,4G0907379H_0361,0x116130,91,0x11490
4G0907379_0190,0x1118be,4G0907379H_0361,0x123792,91,0x11ed4
4G0907379_0190,0x112964,4G0907379H_0361,0x123e10,91,0x114ac
4G0907379_0190,0x1151aa,4G0907379H_0361,0x13a60e,91,0x25464
4G0907379_0190,0x1411ba,4G0907379H_0361,0x164736,91,0x2357c
4G0907379_0190,0xe799d,4G0907379H_0361,0xf8e09,90,0x1146c
4G0907379_0190,0xf15fc,4G0907379H_0361,0x105790,90,0x14194
4G0907379_0190,0xf45bc,4G0907379H_0361,0x102a90,90,0xe4d4
4G0907379_0190,0xfbb3b,4G0907379H_0361,0x10b52b,90,0xf9f0
4G0907379_0190,0x101704,4G0907379H_0361,0x111720,90,0x1001c
4G0907379_0190,0x12210c,4G0907379H_0361,0x134dec,90,0x12ce0
4G0907379_0190,0xff6f8,4G0907379H_0361,0x110eb4,89,0x117bc
4G0907379_0190,0x104d28,4G0907379H_0361,0x1161b8,89,0x11490
4G0907379_0190,0x11e02a,4G0907379H_0361,0x12fb12,89,0x11ae8
4G0907379_0190,0x15fb41,4G0907379H_0361,0x17fe25,89,0x202e4
4G0907379_0190,0x107f3c,4G0907379H_0361,0x1156a4,88,0xd768
4G0907379_0190,0x111b26,4G0907379H_0361,0x1239fa,88,0x11ed4
4G0907379_0190,0x13054a,4G0907379H_0361,0x142e62,88,0x12918
4G0907379_0190,0x13395a,4G0907379H_0361,0x146476,88,0x12b1c
4G0907379_0190,0xdfb50,4G0907379H_0361,0xedff8,87,0xe4a8
4G0907379_0190,0xe50ae,4G0907379H_0361,0xf6592,87,0x114e4
4G0907379_0190,0xece0c,4G0907379H_0361,0xfd5b8,87,0x107ac
4G0907379_0190,0xfb118,4G0907379H_0361,0x10aaf8,87,0xf9e0
4G0907379_0190,0x107080,4G0907379H_0361,0x116a50,87,0xf9d0
4G0907379_0190,0x115a78,4G0907379H_0361,0x126b40,87,0x110c8
4G0907379_0190,0x115f16,4G0907379H_0361,0x12746e,87,0x11558
4G0907379_0190,0x11ef66,4G0907379H_0361,0x13134a,87,0x123e4
4G0907379_0190,0x1327f8,4G0907379H_0361,0x145278,87,0x12a80
4G0907379_0190,0xfbac0,4G0907379H_0361,0x10b4b0,86,0xf9f0
4G0907379_0190,0x10d0f8,4G0907379H_0361,0x11d0ac,86,0xffb4
4G0907379_0190,0x12c24a,4G0907379H_0361,0x13e802,86,0x125b8
4G0907379_0190,0x137620,4G0907379H_0361,0x14a180,86,0x12b60
4G0907379_0190,0x1014f8,4G0907379H_0361,0x1119c4,85,0x104cc
4G0907379_0190,0x10d5c2,4G0907379H_0361,0x11dc0a,85,0x10648
4G0907379_0190,0x1106f8,4G0907379H_0361,0x122b08,85,0x12410
4G0907379_0190,0x114462,4G0907379H_0361,0x12671a,85,0x122b8
4G0907379_0190,0x12b68c,4G0907379H_0361,0x13e314,85,0x12c88
4G0907379_0190,0x1339e6,4G0907379H_0361,0x145912,85,0x11f2c
4G0907379_0190,0xf717e,4G0907379H_0361,0x1066ea,84,0xf56c
4G0907379_0190,0xff7d0,4G0907379H_0361,0x110f8c,84,0x117bc
4G0907379_0190,0x135456,4G0907379H_0361,0x147ef6,84,0x12aa0
4G0907379_0190,0x13f44f,4G0907379H_0361,0x163ce7,84,0x24898
4G0907379_0190,0xdf55a,4G0907379H_0361,0xeda02,83,0xe4a8
4G0907379_0190,0xf2cfc,4G0907379H_0361,0x100454,83,0xd758
4G0907379_0190,0xfac78,4G0907379H_0361,0x10a658,83,0xf9e0
4G0907379_0190,0xfe310,4G0907379H_0361,0x10dd44,83,0xfa34
4G0907379_0190,0xfef1f,4G0907379H_0361,0x1106e3,83,0x117c4
4G0907379_0190,0x1076c8,4G0907379H_0361,0x115138,83,0xda70
4G0907379_0190,0x1116bc,4G0907379H_0361,0x123590,83,0x11ed4
4G0907379_0190,0x11a8b4,4G0907379H_0361,0x12c144,83,0x11890
4G0907379_0190,0x11aca8,4G0907379H_0361,0x12d034,83,0x1238c
4G0907379_0190,0x12ca08,4G0907379H_0361,0x13ee7c,83,0x12474
4G0907379_0190,0x147c50,4G0907379H_0361,0x164c70,83,0x1d020
4G0907379_0190,0xe6505,4G0907379H_0361,0xf79d7,82,0x114d2
4G0907379_0190,0xf0f94,4G0907379H_0361,0xfee28,82,0xde94
4G0907379_0190,0xf1158,4G0907379H_0361,0xff008,82,0xdeb0
4G0907379_0190,0xf4fd8,4G0907379H_0361,0x102c58,82,0xdc80
4G0907379_0190,0xf92e8,4G0907379H_0361,0x10898c,82,0xf6a4
4G0907379_0190,0xfb7f2,4G0907379H_0361,0x10b1de,82,0xf9ec
4G0907379_0190,0x101954,4G0907379H_0361,0x11124c,82,0xf8f8
4G0907379_0190,0x12390c,4G0907379H_0361,0x134608,82,0x10cfc
4G0907379_0190,0x128874,4G0907379H_0361,0x13bc96,82,0x13422
4G0907379_0190,0x130614,4G0907379H_0361,0x142f2c,82,0x12918
4G0907379_0190,0x131abc,4G0907379H_0361,0x144854,82,0x12d98
4G0907379_0190,0x136e0c,4G0907379H_0361,0x149958,82,0x12b4c
4G0907379_0190,0xe5847,4G0907379H_0361,0xf6d31,81,0x114ea
4G0907379_0190,0x10190a,4G0907379H_0361,0x111a96,81,0x1018c
4G0907379_0190,0x10dd18,4G0907379H_0361,0x1206b4,81,0x1299c
4G0907379_0190,0x110b4c,4G0907379H_0361,0x122f5c,81,0x12410
4G0907379_0190,0x11191c,4G0907379H_0361,0x1237f0,81,0x11ed4
4G0907379_0190,0x124052,4G0907379H_0361,0x13689a,81,0x12848
4G0907379_0190,0x153a16,4G0907379H_0361,0x168822,81,0x14e0c
4G0907379_0190,0x15f3f9,4G0907379H_0361,0x17f045,81,0x1fc4c
4G0907379_0190,0x1220ba,4G0907379H_0361,0x134d9a,80,0x12ce0
4G0907379_0190,0xdee3a,4G0907379H_0361,0xed28e,79,0xe454
4G0907379_0190,0xfee82,4G0907379H_0361,0x110646,79,0x117c4
4G0907379_0190,0xff1c0,4G0907379H_0361,0x110984,79,0x117c4
4G0907379_0190,0x108972,4G0907379H_0361,0x118002,79,0xf690
4G0907379_0190,0x10b2f8,4G0907379H_0361,0x11b248,79,0xff50
4G0907379_0190,0x12c1d2,4G0907379H_0361,0x13e78a,79,0x125b8
4G0907379_0190,0x136f18,4G0907379H_0361,0x149b70,79,0x12c58
4G0907379_0190,0x137fec,4G0907379H_0361,0x14ab38,79,0x12b4c
4G0907379_0190,0xe124d,4G0907379H_0361,0xf2609,78,0x113bc
4G0907379_0190,0xe68fd,4G0907379H_0361,0xf7d97,78,0x1149a
4G0907379_0190,0x10c760,4G0907379H_0361,0x11c716,78,0xffb6
4G0907379_0190,0x110462,4G0907379H_0361,0x122326,78,0x11ec4
4G0907379_0190,0x119028,4G0907379H_0361,0x12a0b8,78,0x11090
4G0907379_0190,0x125234,4G0907379H_0361,0x137ed0,78,0x12c9c
4G0907379_0190,0x136fc8,4G0907379H_0361,0x149bc8,78,0x12c00
4G0907379_0190,0x137ce2,4G0907379H_0361,0x14a8fe,78,0x12c1c
4G0907379_0190,0xdf884,4G0907379H_0361,0xedd2c,77,0xe4a8
4G0907379_0190,0xffcb6,4G0907379H_0361,0x10f8b6,77,0xfc00
4G0907379_0190,0x1045d6,4G0907379H_0361,0x115a6a,77,0x11494
4G0907379_0190,0x124e10,4G0907379H_0361,0x136308,77,0x114f8
4G0907379_0190,0x12a634,4G0907379H_0361,0x13cbe4,77,0x125b0
4G0907379_0190,0x130bc2,4G0907379H_0361,0x1435ce,77,0x12a0c
4G0907379_0190,0x1337c8,4G0907379H_0361,0x1462e4,77,0x12b1c
4G0907379_0190,0xe73aa,4G0907379H_0361,0xf881c,76,0x11472
4G0907379_0190,0x10d150,4G0907379H_0361,0x11d104,76,0xffb4
4G0907379_0190,0x11e20c,4G0907379H_0361,0x130308,76,0x120fc
4G0907379_0190,0x120842,4G0907379H_0361,0x13295a,76,0x12118
4G0907379_0190,0x13f3dc,4G0907379H_0361,0x163c74,76,0x24898
4G0907379_0190,0xe7a64,4G0907379H_0361,0xf8ed0,75,0x1146c
4G0907379_0190,0xf3c9c,4G0907379H_0361,0x101580,75,0xd8e4
4G0907379_0190,0xfb29e,4G0907379H_0361,0x10ac7e,75,0xf9e0
4G0907379_0190,0x1016c5,4G0907379H_0361,0x111c25,75,0x10560
4G0907379_0190,0x104338,4G0907379H_0361,0x1157f8,75,0x114c0
4G0907379_0190,0x119d86,4G0907379H_0361,0x12b9d2,75,0x11c4c
4G0907379_0190,0x12e5d4,4G0907379H_0361,0x141094,75,0x12ac0
4G0907379_0190,0x13019e,4G0907379H_0361,0x142ab6,75,0x12918
4G0907379_0190,0x130dc2,4G0907379H_0361,0x1439ae,75,0x12bec
4G0907379_0190,0x1314c8,4G0907379H_0361,0x1440a8,75,0x12be0
4G0907379_0190,0xf488c,4G0907379H_0361,0x101d64,74,0xd4d8
4G0907379_0190,0xf70b4,4G0907379H_0361,0x106620,74,0xf56c
4G0907379_0190,0x104b1c,4G0907379H_0361,0x115fac,74,0x11490
4G0907379_0190,0x106908,4G0907379H_0361,0x1172a0,74,0x10998
4G0907379_0190,0x11ff17,4G0907379H_0361,0x132813,74,0x128fc
4G0907379_0190,0x125a6c,4G0907379H_0361,0x136e10,74,0x113a4
4G0907379_0190,0x12cc14,4G0907379H_0361,0x13f088,74,0x12474
4G0907379_0190,0x137ab0,4G0907379H_0361,0x14a6d0,74,0x12c20
4G0907379_0190,0x152c6e,4G0907379H_0361,0x16837e,74,0x15710
4G0907379_0190,0xe6bf8,4G0907379H_0361,0xf8084,73,0x1148c
4G0907379_0190,0xf72ec,4G0907379H_0361,0x106858,73,0xf56c
4G0907379_0190,0xfda3a,4G0907379H_0361,0x10c402,73,0xe9c8
4G0907379_0190,0x10d04a,4G0907379H_0361,0x11cffe,73,0xffb4
4G0907379_0190,0x10d1c6,4G0907379H_0361,0x11d17a,73,0xffb4
4G0907379_0190,0x10dc32,4G0907379H_0361,0x1205ce,73,0x1299c
4G0907379_0190,0x10dfd0,4G0907379H_0361,0x120950,73,0x12980
4G0907379_0190,0x10fb30,4G0907379H_0361,0x121f44,73,0x12414
4G0907379_0190,0x11645a,4G0907379H_0361,0x125e70,73,0xfa16
4G0907379_0190,0x11ac5c,4G0907379H_0361,0x12cfe8,73,0x1238c
4G0907379_0190,0x124b1e,4G0907379H_0361,0x134b70,73,0x10052
4G0907379_0190,0x1375a0,4G0907379H_0361,0x14a100,73,0x12b60
4G0907379_0190,0x13779c,4G0907379H_0361,0x14a2b4,73,0x12b18
4G0907379_0190,0x147746,4G0907379H_0361,0x164a7a,73,0x1d334
4G0907379_0190,0xe724a,4G0907379H_0361,0xf86ba,72,0x11470
4G0907379_0190,0x11121e,4G0907379H_0361,0x1230f2,72,0x11ed4
4G0907379_0190,0x122168,4G0907379H_0361,0x134e48,72,0x12ce0
4G0907379_0190,0x12aae0,4G0907379H_0361,0x13d208,72,0x12728
4G0907379_0190,0x12e644,4G0907379H_0361,0x141104,72,0x12ac0
4G0907379_0190,0x133612,4G0907379H_0361,0x14612e,72,0x12b1c
4G0907379_0190,0xe629a,4G0907379H_0361,0xf7762,71,0x114c8
4G0907379_0190,0xf24c8,4G0907379H_0361,0x1063e4,71,0x13f1c
4G0907379_0190,0xfb47a,4G0907379H_0361,0x10ae5a,71,0xf9e0
4G0907379_0190,0x10d08d,4G0907379H_0361,0x11d041,71,0xffb4
4G0907379_0190,0x10d4d6,4G0907379H_0361,0x11db1e,71,0x10648
4G0907379_0190,0x1108b2,4G0907379H_0361,0x122cc2,71,0x12410
4G0907379_0190,0x11b0f0,4G0907379H_0361,0x127e94,71,0xcda4
4G0907379_0190,0x125b08,4G0907379H_0361,0x136eac,71,0x113a4
4G0907379_0190,0x132678,4G0907379H_0361,0x1451b8,71,0x12b40
4G0907379_0190,0x137228,4G0907379H_0361,0x149e24,71,0x12bfc
4G0907379_0190,0xdefc8,4G0907379H_0361,0xed41c,70,0xe454
4G0907379_0190,0xe1739,4G0907379H_0361,0xf2af5,70,0x113bc
4G0907379_0190,0xe6f48,4G0907379H_0361,0xf83c0,70,0x11478
4G0907379_0190,0xf26b4,4G0907379H_0361,0x1058a0,70,0x131ec
4G0907379_0190,0xf4f40,4G0907379H_0361,0x1025d4,70,0xd694
4G0907379_0190,0xf69b4,4G0907379H_0361,0x1041fc,70,0xd848
4G0907379_0190,0xf74dc,4G0907379H_0361,0x106a48,70,0xf56c
4G0907379_0190,0xff5b8,4G0907379H_0361,0x110d78,70,0x117c0
4G0907379_0190,0x1014b0,4G0907379H_0361,0x11197c,70,0x104cc
4G0907379_0190,0x106f88,4G0907379H_0361,0x116958,70,0xf9d0
4G0907379_0190,0x12225c,4G0907379H_0361,0x134f3c,70,0x12ce0
4G0907379_0190,0x13023e,4G0907379H_0361,0x140f8e,70,0x10d50
4G0907379_0190,0x132b9c,4G0907379H_0361,0x1454ac,70,0x12910
4G0907379_0190,0x137374,4G0907379H_0361,0x149f74,70,0x12c00
4G0907379_0190,0xdec56,4G0907379H_0361,0xed0ae,69,0xe458
4G0907379_0190,0xe6c50,4G0907379H_0361,0xf80dc,69,0x1148c
4G0907379_0190,0xfb85a,4G0907379H_0361,0x10b246,69,0xf9ec
4G0907379_0190,0xff522,4G0907379H_0361,0x110ce0,69,0x117be
4G0907379_0190,0x110599,4G0907379H_0361,0x12245d,69,0x11ec4
4G0907379_0190,0x11086a,4G0907379H_0361,0x122c7a,69,0x12410
4G0907379_0190,0x1108f4,4G0907379H_0361,0x122d04,69,0x12410
4G0907379_0190,0x1137a9,4G0907379H_0361,0x124751,69,0x10fa8
4G0907379_0190,0x115b3e,4G0907379H_0361,0x126c06,69,0x110c8
4G0907379_0190,0x119644,4G0907379H_0361,0x1296f8,69,0x100b4
4G0907379_0190,0x11ad78,4G0907379H_0361,0x12d104,69,0x1238c
4G0907379_0190,0x121096,4G0907379H_0361,0x132252,69,0x111bc
4G0907379_0190,0x12127e,4G0907379H_0361,0x132e86,69,0x11c08
4G0907379_0190,0x135ffc,4G0907379H_0361,0x148934,69,0x12938
4G0907379_0190,0xe10ff,4G0907379H_0361,0xf24bb,68,0x113bc
4G0907379_0190,0xf21c6,4G0907379H_0361,0x1060ea,68,0x13f24
4G0907379_0190,0xff5ff,4G0907379H_0361,0x110dbf,68,0x117c0
4G0907379_0190,0x1221b2,4G0907379H_0361,0x134e92,68,0x12ce0
4G0907379_0190,0x137136,4G0907379H_0361,0x149cde,68,0x12ba8
4G0907379_0190,0x13f522,4G0907379H_0361,0x163dba,68,0x24898
4G0907379_0190,0xe0818,4G0907379H_0361,0xf1bd4,67,0x113bc
4G0907379_0190,0xe0ddc,4G0907379H_0361,0xf2198,67,0x113bc
4G0907379_0190,0xe5184,4G0907379H_0361,0xf6664,67,0x114e0
4G0907379_0190,0xf05cc,4G0907379H_0361,0xffad0,67,0xf504
4G0907379_0190,0xf4c54,4G0907379H_0361,0x102414,67,0xd7c0
4G0907379_0190,0xf97f8,4G0907379H_0361,0x109080,67,0xf888
4G0907379_0190,0x1043f2,4G0907379H_0361,0x1158b2,67,0x114c0
4G0907379_0190,0x106ef4,4G0907379H_0361,0x11649c,67,0xf5a8
4G0907379_0190,0x108eac,4G0907379H_0361,0x11852c,67,0xf680
4G0907379_0190,0x10cee0,4G0907379H_0361,0x11ce94,67,0xffb4
4G0907379_0190,0x10da2e,4G0907379H_0361,0x11e076,67,0x10648
4G0907379_0190,0x10e18e,4G0907379H_0361,0x11fa0e,67,0x11880
4G0907379_0190,0x11186a,4G0907379H_0361,0x12373e,67,0x11ed4
4G0907379_0190,0x127618,4G0907379H_0361,0x13a1e0,67,0x12bc8
4G0907379_0190,0x132d3a,4G0907379H_0361,0x1456fe,67,0x129c4
4G0907379_0190,0x134806,4G0907379H_0361,0x1475fa,67,0x12df4
4G0907379_0190,0x13d8c0,4G0907379H_0361,0x162e20,67,0x25560
4G0907379_0190,0xdfc14,4G0907379H_0361,0xf0fd0,66,0x113bc
4G0907379_0190,0xf0e24,4G0907379H_0361,0xfeca4,66,0xde80
4G0907379_0190,0xf41f4,4G0907379H_0361,0x101108,66,0xcf14
4G0907379_0190,0xf6a78,4G0907379H_0361,0x1042c0,66,0xd848
4G0907379_0190,0xf7432,4G0907379H_0361,0x10699e,66,0xf56c
4G0907379_0190,0x106f38,4G0907379H_0361,0x1164e0,66,0xf5a8
4G0907379_0190,0x107120,4G0907379H_0361,0x1162f4,66,0xf1d4
4G0907379_0190,0x113759,4G0907379H_0361,0x124701,66,0x10fa8
4G0907379_0190,0x118cc5,4G0907379H_0361,0x129d55,66,0x11090
4G0907379_0190,0x11951a,4G0907379H_0361,0x1295b6,66,0x1009c
4G0907379_0190,0x11c57c,4G0907379H_0361,0x12df5c,66,0x119e0
4G0907379_0190,0x120a68,4G0907379H_0361,0x132b80,66,0x12118
4G0907379_0190,0x13113f,4G0907379H_0361,0x1430fb,66,0x11fbc
4G0907379_0190,0x1376c8,4G0907379H_0361,0x14a228,66,0x12b60
4G0907379_0190,0x1385c4,4G0907379H_0361,0x14b068,66,0x12aa4
4G0907379_0190,0xdd808,4G0907379H_0361,0xebbf8,65,0xe3f0
4G0907379_0190,0xdebe0,4G0907379H_0361,0xed038,65,0xe458
4G0907379_0190,0xe0ffc,4G0907379H_0361,0xf23b8,65,0x113bc
4G0907379_0190,0xe5060,4G0907379H_0361,0xf6544,65,0x114e4
4G0907379_0190,0xed73c,4G0907379H_0361,0xfdedc,65,0x107a0
4G0907379_0190,0xf78ee,4G0907379H_0361,0x106ec8,65,0xf5da
4G0907379_0190,0xfb944,4G0907379H_0361,0x10b334,65,0xf9f0
4G0907379_0190,0x10aa22,4G0907379H_0361,0x11a16e,65,0xf74c
4G0907379_0190,0x10aff6,4G0907379H_0361,0x11a782,65,0xf78c
4G0907379_0190,0x10c1a4,4G0907379H_0361,0x11c150,65,0xffac
4G0907379_0190,0x110ba0,4G0907379H_0361,0x122fb0,65,0x12410
4G0907379_0190,0x1194d6,4G0907379H_0361,0x129572,65,0x1009c
4G0907379_0190,0x123fec,4G0907379H_0361,0x136c94,65,0x12ca8
4G0907379_0190,0x136808,4G0907379H_0361,0x149290,65,0x12a88
4G0907379_0190,0x1369c0,4G0907379H_0361,0x149448,65,0x12a88
4G0907379_0190,0x150c08,4G0907379H_0361,0x167118,65,0x16510
4G0907379_0190,0xdde6a,4G0907379H_0361,0xec25e,64,0xe3f4
4G0907379_0190,0xdfbae,4G0907379H_0361,0xee056,64,0xe4a8
4G0907379_0190,0x101850,4G0907379H_0361,0x11113c,64,0xf8ec
4G0907379_0190,0x107764,4G0907379H_0361,0x11571c,64,0xdfb8
4G0907379_0190,0x11361b,4G0907379H_0361,0x1245c3,64,0x10fa8
4G0907379_0190,0x1183b4,4G0907379H_0361,0x12ac2c,64,0x12878
4G0907379_0190,0x1252d0,4G0907379H_0361,0x137f6c,64,0x12c9c
4G0907379_0190,0x1331e8,4G0907379H_0361,0x145bac,64,0x129c4
4G0907379_0190,0x14cd72,4G0907379H_0361,0x165dcc,64,0x1905a
4G0907379_0190,0xe7e37,4G0907379H_0361,0xf9297,63,0x11460
4G0907379_0190,0xf1fe4,4G0907379H_0361,0x105f08,63,0x13f24
4G0907379_0190,0xfe16c,4G0907379H_0361,0x10dba0,63,0xfa34
4G0907379_0190,0x101f58,4G0907379H_0361,0x1112e8,63,0xf390
4G0907379_0190,0x107040,4G0907379H_0361,0x116a10,63,0xf9d0
4G0907379_0190,0x10dbac,4G0907379H_0361,0x120548,63,0x1299c
4G0907379_0190,0x118fe6,4G0907379H_0361,0x12a076,63,0x11090
4G0907379_0190,0x12b022,4G0907379H_0361,0x13e0ee,63,0x130cc
4G0907379_0190,0x134750,4G0907379H_0361,0x1473a8,63,0x12c58
4G0907379_0190,0x136ed2,4G0907379H_0361,0x149e86,63,0x12fb4
4G0907379_0190,0x138184,4G0907379H_0361,0x14aca8,63,0x12b24
4G0907379_0190,0x153560,4G0907379H_0361,0x16843c,63,0x14edc
4G0907379_0190,0xecc18,4G0907379H_0361,0xfd3bc,62,0x107a4
4G0907379_0190,0xefdb4,4G0907379H_0361,0xff188,62,0xf3d4
4G0907379_0190,0xf2024,4G0907379H_0361,0x105f48,62,0x13f24
4G0907379_0190,0xf419c,4G0907379H_0361,0x1010b0,62,0xcf14
4G0907379_0190,0xf4334,4G0907379H_0361,0x101044,62,0xcd10
4G0907379_0190,0xf4418,4G0907379H_0361,0x1028ec,62,0xe4d4
4G0907379_0190,0xf4574,4G0907379H_0361,0x102a48,62,0xe4d4
4G0907379_0190,0xf89cc,4G0907379H_0361,0x107e50,62,0xf484
4G0907379_0190,0xfb63b,4G0907379H_0361,0x10b01f,62,0xf9e4
4G0907379_0190,0x107ebc,4G0907379H_0361,0x115624,62,0xd768
4G0907379_0190,0x123e4e,4G0907379H_0361,0x136af6,62,0x12ca8
4G0907379_0190,0x133338,4G0907379H_0361,0x145da8,62,0x12a70
4G0907379_0190,0xdcd34,4G0907379H_0361,0xeb08e,61,0xe35a
4G0907379_0190,0xdd9ce,4G0907379H_0361,0xebdc2,61,0xe3f4
4G0907379_0190,0xe4f4e,4G0907379H_0361,0xf6432,61,0x114e4
4G0907379_0190,0xf5fb3,4G0907379H_0361,0x104d7b,61,0xedc8
4G0907379_0190,0xfe726,4G0907379H_0361,0x10e1b0,61,0xfa8a
4G0907379_0190,0xfe766,4G0907379H_0361,0x10e1f0,61,0xfa8a
4G0907379_0190,0xff578,4G0907379H_0361,0x110d38,61,0x117c0
4G0907379_0190,0x107372,4G0907379H_0361,0x11666a,61,0xf2f8
4G0907379_0190,0x10a984,4G0907379H_0361,0x119898,61,0xef14
4G0907379_0190,0x10dd6a,4G0907379H_0361,0x120706,61,0x1299c
4G0907379_0190,0x11733e,4G0907379H_0361,0x128406,61,0x110c8
4G0907379_0190,0x1190d2,4G0907379H_0361,0x12783a,61,0xe768
4G0907379_0190,0x11cad2,4G0907379H_0361,0x12eb56,61,0x12084
4G0907379_0190,0x12b74e,4G0907379H_0361,0x13de5a,61,0x1270c
4G0907379_0190,0x12b92a,4G0907379H_0361,0x13dab0,61,0x12186
4G0907379_0190,0x12e17e,4G0907379H_0361,0x1409f6,61,0x12878
4G0907379_0190,0x13633c,4G0907379H_0361,0x148ce4,61,0x129a8
4G0907379_0190,0x152a82,4G0907379H_0361,0x16824c,61,0x157ca
4G0907379_0190,0xe0ef3,4G0907379H_0361,0xf22af,60,0x113bc
4G0907379_0190,0xfead4,4G0907379H_0361,0x10e5d0,60,0xfafc
4G0907379_0190,0x100044,4G0907379H_0361,0x10fc58,60,0xfc14
4G0907379_0190,0x11358e,4G0907379H_0361,0x10b6fe,60,-0x7e90
4G0907379_0190,0x113821,4G0907379H_0361,0x1247c9,60,0x10fa8
4G0907379_0190,0x118356,4G0907379H_0361,0x12abce,60,0x12878
4G0907379_0190,0x131b10,4G0907379H_0361,0x1448a8,60,0x12d98
4G0907379_0190,0xdce08,4G0907379H_0361,0xeb162,59,0xe35a
4G0907379_0190,0xde828,4G0907379H_0361,0xeccdc,59,0xe4b4
4G0907379_0190,0xe0e20,4G0907379H_0361,0xf21dc,59,0x113bc
4G0907379_0190,0xe637b,4G0907379H_0361,0xf7843,59,0x114c8
4G0907379_0190,0xf563a,4G0907379H_0361,0x102e22,59,0xd7e8
4G0907379_0190,0xfabe2,4G0907379H_0361,0x10a5c0,59,0xf9de
4G0907379_0190,0xfc7aa,4G0907379H_0361,0x10d1d6,59,0x10a2c
4G0907379_0190,0xff842,4G0907379H_0361,0x110ffe,59,0x117bc
4G0907379_0190,0x100914,4G0907379H_0361,0x10e744,59,0xde30
4G0907379_0190,0x10ae94,4G0907379H_0361,0x11a61c,59,0xf788
4G0907379_0190,0x10ffa6,4G0907379H_0361,0x1218ca,59,0x11924
4G0907379_0190,0x11023c,4G0907379H_0361,0x122100,59,0x11ec4
4G0907379_0190,0x11a7ee,4G0907379H_0361,0x12c07e,59,0x11890
4G0907379_0190,0x11bffa,4G0907379H_0361,0x12e6ea,59,0x126f0
4G0907379_0190,0x120300,4G0907379H_0361,0x13241c,59,0x1211c
4G0907379_0190,0x126b2c,4G0907379H_0361,0x139184,59,0x12658
4G0907379_0190,0x12b46c,4G0907379H_0361,0x13d5e0,59,0x12174
4G0907379_0190,0x135ba0,4G0907379H_0361,0x14854c,59,0x129ac
4G0907379_0190,0x13c328,4G0907379H_0361,0x162988,59,0x26660
4G0907379_0190,0xddaa4,4G0907379H_0361,0xebe98,58,0xe3f4
4G0907379_0190,0xf2b9c,4G0907379H_0361,0x1054ac,58,0x12910
4G0907379_0190,0xf8af0,4G0907379H_0361,0x107f84,58,0xf494
4G0907379_0190,0x10188c,4G0907379H_0361,0x111c9c,58,0x10410
4G0907379_0190,0x1207c0,4G0907379H_0361,0x134880,58,0x140c0
4G0907379_0190,0x1238a8,4G0907379H_0361,0x1345a8,58,0x10d00
4G0907379_0190,0x133eac,4G0907379H_0361,0x146afc,58,0x12c50
4G0907379_0190,0x1358c8,4G0907379H_0361,0x1482ec,58,0x12a24
4G0907379_0190,0x14deff,4G0907379H_0361,0x166487,58,0x18588
4G0907379_0190,0x176ee8,4G0907379H_0361,0x170200,58,-0x6ce8
4G0907379_0190,0x176f60,4G0907379H_0361,0x170278,58,-0x6ce8
4G0907379_0190,0xdd3da,4G0907379H_0361,0xeb7d2,57,0xe3f8
4G0907379_0190,0xdd420,4G0907379H_0361,0xeb818,57,0xe3f8
4G0907379_0190,0xdd7b2,4G0907379H_0361,0xebba2,57,0xe3f0
4G0907379_0190,0xe113e,4G0907379H_0361,0xf24fa,57,0x113bc
4G0907379_0190,0xe654a,4G0907379H_0361,0xf7a1c,57,0x114d2
4G0907379_0190,0xfda90,4G0907379H_0361,0x10c458,57,0xe9c8
4G0907379_0190,0x108ef2,4G0907379H_0361,0x118572,57,0xf680
4G0907379_0190,0x10cddc,4G0907379H_0361,0x11cd90,57,0xffb4
4G0907379_0190,0x1115dc,4G0907379H_0361,0x1234b0,57,0x11ed4
4G0907379_0190,0x111a5c,4G0907379H_0361,0x123930,57,0x11ed4
4G0907379_0190,0x1199f6,4G0907379H_0361,0x12a69c,57,0x10ca6
4G0907379_0190,0x11f344,4G0907379H_0361,0x12c7cc,57,0xd488
4G0907379_0190,0x12b1ce,4G0907379H_0361,0x13d77a,57,0x125ac
4G0907379_0190,0x12e138,4G0907379H_0361,0x1409b0,57,0x12878
4G0907379_0190,0x12ff7a,4G0907379H_0361,0x14298a,57,0x12a10
4G0907379_0190,0x130e1e,4G0907379H_0361,0x143a0a,57,0x12bec
4G0907379_0190,0x13134c,4G0907379H_0361,0x14400c,57,0x12cc0
4G0907379_0190,0x134cb2,4G0907379H_0361,0x14765a,57,0x129a8
4G0907379_0190,0x17e880,4G0907379H_0361,0x16ee70,57,-0xfa10
4G0907379_0190,0xe78b1,4G0907379H_0361,0xf8d15,56,0x11464
4G0907379_0190,0xf73a4,4G0907379H_0361,0x106910,56,0xf56c
4G0907379_0190,0xfac40,4G0907379H_0361,0x10a61e,56,0xf9de
4G0907379_0190,0xfb902,4G0907379H_0361,0x10b2f2,56,0xf9f0
4G0907379_0190,0xfeb1a,4G0907379H_0361,0x10e616,56,0xfafc
4G0907379_0190,0x101f24,4G0907379H_0361,0x1117ac,56,0xf888
4G0907379_0190,0x112ca2,4G0907379H_0361,0x12118c,56,0xe4ea
4G0907379_0190,0x115cfe,4G0907379H_0361,0x126dda,56,0x110dc
4G0907379_0190,0x11f058,4G0907379H_0361,0x13143c,56,0x123e4
4G0907379_0190,0x123faa,4G0907379H_0361,0x136c52,56,0x12ca8
4G0907379_0190,0x12dd6a,4G0907379H_0361,0x13fc22,56,0x11eb8
4G0907379_0190,0x1536d9,4G0907379H_0361,0x168673,56,0x14f9a
4G0907379_0190,0xdce52,4G0907379H_0361,0xeb1ac,55,0xe35a
4G0907379_0190,0xdd57c,4G0907379H_0361,0xeb974,55,0xe3f8
4G0907379_0190,0xdd6dc,4G0907379H_0361,0xebace,55,0xe3f2
4G0907379_0190,0xdd872,4G0907379H_0361,0xebc62,55,0xe3f0
4G0907379_0190,0xdda18,4G0907379H_0361,0xebe0c,55,0xe3f4
4G0907379_0190,0xdda5c,4G0907379H_0361,0xebe50,55,0xe3f4
4G0907379_0190,0xe0e98,4G0907379H_0361,0xf2254,55,0x113bc
4G0907379_0190,0xed06e,4G0907379H_0361,0xfd81a,55,0x107ac
4G0907379_0190,0xed296,4G0907379H_0361,0xfda3e,55,0x107a8
4G0907379_0190,0xf4238,4G0907379H_0361,0x10114c,55,0xcf14
4G0907379_0190,0xf4d1c,4G0907379H_0361,0x102528,55,0xd80c
4G0907379_0190,0x100bf0,4G0907379H_0361,0x10edbc,55,0xe1cc
4G0907379_0190,0x101790,4G0907379H_0361,0x111c6c,55,0x104dc
4G0907379_0190,0x102edc,4G0907379H_0361,0x11385c,55,0x10980
4G0907379_0190,0x10d490,4G0907379H_0361,0x11dad8,55,0x10648
4G0907379_0190,0x10e374,4G0907379H_0361,0x11fbf4,55,0x11880
4G0907379_0190,0x110be4,4G0907379H_0361,0x122ff4,55,0x12410
4G0907379_0190,0x113bc4,4G0907379H_0361,0x120c12,55,0xd04e
4G0907379_0190,0x119710,4G0907379H_0361,0x1297c4,55,0x100b4
4G0907379_0190,0x11a866,4G0907379H_0361,0x12c0f6,55,0x11890
4G0907379_0190,0x126a0e,4G0907379H_0361,0x139066,55,0x12658
4G0907379_0190,0x126a6c,4G0907379H_0361,0x1390c4,55,0x12658
4G0907379_0190,0x12e78e,4G0907379H_0361,0x14124e,55,0x12ac0
4G0907379_0190,0x13523c,4G0907379H_0361,0x147cdc,55,0x12aa0
4G0907379_0190,0x138685,4G0907379H_0361,0x14b129,55,0x12aa4
4G0907379_0190,0x1386e4,4G0907379H_0361,0x14b160,55,0x12a7c
4G0907379_0190,0xdf435,4G0907379H_0361,0xed8dd,54,0xe4a8
4G0907379_0190,0xf0390,4G0907379H_0361,0xff808,54,0xf478
4G0907379_0190,0xf16d4,4G0907379H_0361,0x104e98,54,0x137c4
4G0907379_0190,0xf3fc4,4G0907379H_0361,0x1018dc,54,0xd918
4G0907379_0190,0xf4e48,4G0907379H_0361,0x102010,54,0xd1c8
4G0907379_0190,0xf51c4,4G0907379H_0361,0x102498,54,0xd2d4
4G0907379_0190,0xf7358,4G0907379H_0361,0x1068c4,54,0xf56c
4G0907379_0190,0xf939c,4G0907379H_0361,0x108a40,54,0xf6a4
4G0907379_0190,0xfe040,4G0907379H_0361,0x10da74,54,0xfa34
4G0907379_0190,0xfeff8,4G0907379H_0361,0x1107bc,54,0x117c4
4G0907379_0190,0xff781,4G0907379H_0361,0x110f3d,54,0x117bc
4G0907379_0190,0x100850,4G0907379H_0361,0x10f28c,54,0xea3c
4G0907379_0190,0x100d54,4G0907379H_0361,0x10eef0,54,0xe19c
4G0907379_0190,0x11c9fa,4G0907379H_0361,0x12ea7e,54,0x12084
4G0907379_0190,0x1208c0,4G0907379H_0361,0x1329d8,54,0x12118
4G0907379_0190,0x123e14,4G0907379H_0361,0x136abc,54,0x12ca8
4G0907379_0190,0x12a5e0,4G0907379H_0361,0x13cb90,54,0x125b0
4G0907379_0190,0x12bd2e,4G0907379H_0361,0x13e43e,54,0x12710
4G0907379_0190,0x12bd88,4G0907379H_0361,0x13e498,54,0x12710
4G0907379_0190,0x12de90,4G0907379H_0361,0x1405dc,54,0x1274c
4G0907379_0190,0x12e7c8,4G0907379H_0361,0x141288,54,0x12ac0
4G0907379_0190,0x12f946,4G0907379H_0361,0x14233e,54,0x129f8
4G0907379_0190,0x131ffc,4G0907379H_0361,0x1447e8,54,0x127ec
4G0907379_0190,0x1363a4,4G0907379H_0361,0x148db8,54,0x12a14
4G0907379_0190,0x13742e,4G0907379H_0361,0x149fde,54,0x12bb0
4G0907379_0190,0x137da0,4G0907379H_0361,0x14a9f4,54,0x12c54
4G0907379_0190,0x152c16,4G0907379H_0361,0x168326,54,0x15710
4G0907379_0190,0x159687,4G0907379H_0361,0x168a4b,54,0xf3c4
4G0907379_0190,0x15a2af,4G0907379H_0361,0x168b4b,54,0xe89c
4G0907379_0190,0x15aed7,4G0907379H_0361,0x168c4b,54,0xdd74
4G0907379_0190,0x15baff,4G0907379H_0361,0x168d4b,54,0xd24c
4G0907379_0190,0x15c727,4G0907379H_0361,0x168e4b,54,0xc724
4G0907379_0190,0x15d34f,4G0907379H_0361,0x168f4b,54,0xbbfc
4G0907379_0190,0x15df77,4G0907379H_0361,0x16904b,54,0xb0d4
4G0907379_0190,0xdd64e,4G0907379H_0361,0xeba46,53,0xe3f8
4G0907379_0190,0xdd8b6,4G0907379H_0361,0xebca6,53,0xe3f0
4G0907379_0190,0xdfa0a,4G0907379H_0361,0xedeb2,53,0xe4a8
4G0907379_0190,0xe7928,4G0907379H_0361,0xf8d90,53,0x11468
4G0907379_0190,0xf1888,4G0907379H_0361,0x1064a0,53,0x14c18
4G0907379_0190,0xf633c,4G0907379H_0361,0x103a5c,53,0xd720
4G0907379_0190,0xfc760,4G0907379H_0361,0x10d18c,53,0x10a2c
4G0907379_0190,0xfe9b2,4G0907379H_0361,0x10e474,53,0xfac2
4G0907379_0190,0x10893c,4G0907379H_0361,0x117fcc,53,0xf690
4G0907379_0190,0x10907c,4G0907379H_0361,0x1186f8,53,0xf67c
4G0907379_0190,0x10b1b6,4G0907379H_0361,0x11b106,53,0xff50
4G0907379_0190,0x1193ec,4G0907379H_0361,0x127ba8,53,0xe7bc
4G0907379_0190,0x1196b8,4G0907379H_0361,0x12976c,53,0x100b4
4G0907379_0190,0x122216,4G0907379H_0361,0x134ef6,53,0x12ce0
4G0907379_0190,0x122e6c,4G0907379H_0361,0x1356cc,53,0x12860
4G0907379_0190,0x123dd8,4G0907379H_0361,0x1361ac,53,0x123d4
4G0907379_0190,0x12ae60,4G0907379H_0361,0x13e610,53,0x137b0
4G0907379_0190,0x12d92a,4G0907379H_0361,0x13f51a,53,0x11bf0
4G0907379_0190,0x130cd4,4G0907379H_0361,0x1436e0,53,0x12a0c
4G0907379_0190,0x13322a,4G0907379H_0361,0x145bee,53,0x129c4
4G0907379_0190,0x133888,4G0907379H_0361,0x1463a4,53,0x12b1c
4G0907379_0190,0x135155,4G0907379H_0361,0x1479f5,53,0x128a0
4G0907379_0190,0x136754,4G0907379H_0361,0x1491dc,53,0x12a88
4G0907379_0190,0x13727c,4G0907379H_0361,0x149ecc,53,0x12c50
4G0907379_0190,0x152bba,4G0907379H_0361,0x1682c8,53,0x1570e
4G0907379_0190,0xde016,4G0907379H_0361,0xec40a,52,0xe3f4
4G0907379_0190,0xe7e00,4G0907379H_0361,0xf9260,52,0x11460
4G0907379_0190,0xf3884,4G0907379H_0361,0x100d40,52,0xd4bc
4G0907379_0190,0xf3f60,4G0907379H_0361,0x101878,52,0xd918
4G0907379_0190,0xf7c22,4G0907379H_0361,0x107214,52,0xf5f2
4G0907379_0190,0x101760,4G0907379H_0361,0x11177c,52,0x1001c
4G0907379_0190,0x10199c,4G0907379H_0361,0x111294,52,0xf8f8
4G0907379_0190,0x12ddd6,4G0907379H_0361,0x140522,52,0x1274c
4G0907379_0190,0x138486,4G0907379H_0361,0x14af12,52,0x12a8c
4G0907379_0190,0x176eb0,4G0907379H_0361,0x1773d4,52,0x524
4G0907379_0190,0xdd5c0,4G0907379H_0361,0xeb9b8,51,0xe3f8
4G0907379_0190,0xe7bac,4G0907379H_0361,0xf9010,51,0x11464
4G0907379_0190,0xecd7e,4G0907379H_0361,0xfd52a,51,0x107ac
4G0907379_0190,0xf0329,4G0907379H_0361,0xff7a1,51,0xf478
4G0907379_0190,0xf2250,4G0907379H_0361,0x106174,51,0x13f24
4G0907379_0190,0xf3b20,4G0907379H_0361,0x101398,51,0xd878
4G0907379_0190,0xf6068,4G0907379H_0361,0x10375c,51,0xd6f4
4G0907379_0190,0xffea4,4G0907379H_0361,0x10faac,51,0xfc08
4G0907379_0190,0x106310,4G0907379H_0361,0x116cac,51,0x1099c
4G0907379_0190,0x1065f8,4G0907379H_0361,0x116f90,51,0x10998
4G0907379_0190,0x10733e,4G0907379H_0361,0x116636,51,0xf2f8
4G0907379_0190,0x10c026,4G0907379H_0361,0x11bfd2,51,0xffac
4G0907379_0190,0x10d2fc,4G0907379H_0361,0x11d2b0,51,0xffb4
4G0907379_0190,0x10e564,4G0907379H_0361,0x11fde4,51,0x11880
4G0907379_0190,0x10fe10,4G0907379H_0361,0x121720,51,0x11910
4G0907379_0190,0x1120be,4G0907379H_0361,0x12bff6,51,0x19f38
4G0907379_0190,0x1137f9,4G0907379H_0361,0x1247a1,51,0x10fa8
4G0907379_0190,0x118d0a,4G0907379H_0361,0x129d9a,51,0x11090
4G0907379_0190,0x1202a2,4G0907379H_0361,0x12e636,51,0xe394
4G0907379_0190,0x120426,4G0907379H_0361,0x132542,51,0x1211c
4G0907379_0190,0x121f34,4G0907379H_0361,0x1350ae,51,0x1317a
4G0907379_0190,0x1274a8,4G0907379H_0361,0x139cda,51,0x12832
4G0907379_0190,0x12ad78,4G0907379H_0361,0x13e540,51,0x137c8
4G0907379_0190,0x12b988,4G0907379H_0361,0x13db10,51,0x12188
4G0907379_0190,0x12cca0,4G0907379H_0361,0x13f3ac,51,0x1270c
4G0907379_0190,0x12ce36,4G0907379H_0361,0x13f164,51,0x1232e
4G0907379_0190,0x12e274,4G0907379H_0361,0x140aec,51,0x12878
4G0907379_0190,0x131694,4G0907379H_0361,0x144198,51,0x12b04
4G0907379_0190,0x135729,4G0907379H_0361,0x14814d,51,0x12a24
4G0907379_0190,0x136308,4G0907379H_0361,0x148cb0,51,0x129a8
4G0907379_0190,0x136e68,4G0907379H_0361,0x149a10,51,0x12ba8
4G0907379_0190,0x13a660,4G0907379H_0361,0x16233a,51,0x27cda
4G0907379_0190,0x13d920,4G0907379H_0361,0x162e80,51,0x25560
4G0907379_0190,0x15369a,4G0907379H_0361,0x168634,51,0x14f9a
4G0907379_0190,0xdd388,4G0907379H_0361,0xeb76e,50,0xe3e6
4G0907379_0190,0xdd902,4G0907379H_0361,0xebcf2,50,0xe3f0
4G0907379_0190,0xde44e,4G0907379H_0361,0xec8b4,50,0xe466
4G0907379_0190,0xdf34c,4G0907379H_0361,0xed7f6,50,0xe4aa
4G0907379_0190,0xe0485,4G0907379H_0361,0xf1841,50,0x113bc
4G0907379_0190,0xecdb4,4G0907379H_0361,0xfd560,50,0x107ac
4G0907379_0190,0xefd4c,4G0907379H_0361,0xff628,50,0xf8dc
4G0907379_0190,0xf035d,4G0907379H_0361,0xff7d5,50,0xf478
4G0907379_0190,0xf467c,4G0907379H_0361,0x102b50,50,0xe4d4
4G0907379_0190,0xf5124,4G0907379H_0361,0x10348c,50,0xe368
4G0907379_0190,0xf6694,4G0907379H_0361,0x103ea0,50,0xd80c
4G0907379_0190,0x101110,4G0907379H_0361,0x10eb9c,50,0xda8c
4G0907379_0190,0x101e00,4G0907379H_0361,0x111d1c,50,0xff1c
4G0907379_0190,0x107164,4G0907379H_0361,0x116338,50,0xf1d4
4G0907379_0190,0x10ae42,4G0907379H_0361,0x11a5c6,50,0xf784
4G0907379_0190,0x1105e8,4G0907379H_0361,0x1224ac,50,0x11ec4
4G0907379_0190,0x111b80,4G0907379H_0361,0x123a54,50,0x11ed4
4G0907379_0190,0x116280,4G0907379H_0361,0x1277d8,50,0x11558
4G0907379_0190,0x11ee7a,4G0907379H_0361,0x13125e,50,0x123e4
4G0907379_0190,0x135af8,4G0907379H_0361,0x1484a4,50,0x129ac
4G0907379_0190,0x153756,4G0907379H_0361,0x1686fc,50,0x14fa6
4G0907379_0190,0x15908b,4G0907379H_0361,0x1689e3,50,0xf958
4G0907379_0190,0x159cb3,4G0907379H_0361,0x168ae3,50,0xee30
4G0907379_0190,0x159f29,4G0907379H_0361,0x168b0d,50,0xebe4
4G0907379_0190,0x15a8db,4G0907379H_0361,0x168be3,50,0xe308
4G0907379_0190,0x15ab51,4G0907379H_0361,0x168c0d,50,0xe0bc
4G0907379_0190,0x15b503,4G0907379H_0361,0x168ce3,50,0xd7e0
4G0907379_0190,0x15b779,4G0907379H_0361,0x168d0d,50,0xd594
4G0907379_0190,0x15c12b,4G0907379H_0361,0x168de3,50,0xccb8
4G0907379_0190,0x15cd53,4G0907379H_0361,0x168ee3,50,0xc190
4G0907379_0190,0x15cfc9,4G0907379H_0361,0x168f0d,50,0xbf44
4G0907379_0190,0x15d97b,4G0907379H_0361,0x168fe3,50,0xb668
4G0907379_0190,0x15dbf1,4G0907379H_0361,0x16900d,50,0xb41c
4G0907379_0190,0x15ec00,4G0907379H_0361,0x16926c,50,0xa66c
4G0907379_0190,0xdced8,4G0907379H_0361,0xeb230,49,0xe358
4G0907379_0190,0xdd692,4G0907379H_0361,0xeba8a,49,0xe3f8
4G0907379_0190,0xdf48c,4G0907379H_0361,0xed934,49,0xe4a8
4G0907379_0190,0xdf4de,4G0907379H_0361,0xed986,49,0xe4a8
4G0907379_0190,0xe1376,4G0907379H_0361,0xf2732,49,0x113bc
4G0907379_0190,0xe7a1e,4G0907379H_0361,0xf8e8a,49,0x1146c
4G0907379_0190,0xed4b8,4G0907379H_0361,0xfdc60,49,0x107a8
4G0907379_0190,0xf1bb8,4G0907379H_0361,0x105688,49,0x13ad0
4G0907379_0190,0xf7944,4G0907379H_0361,0x106f1e,49,0xf5da
4G0907379_0190,0xfb8d0,4G0907379H_0361,0x10b2c0,49,0xf9f0
4G0907379_0190,0xfba4e,4G0907379H_0361,0x10b43e,49,0xf9f0
4G0907379_0190,0xfdb16,4G0907379H_0361,0x10c4da,49,0xe9c4
4G0907379_0190,0x10153f,4G0907379H_0361,0x111a0b,49,0x104cc
4G0907379_0190,0x103c5c,4G0907379H_0361,0x1288b8,49,0x24c5c
4G0907379_0190,0x1084ce,4G0907379H_0361,0x119d52,49,0x11884
4G0907379_0190,0x108c84,4G0907379H_0361,0x11830c,49,0xf688
4G0907379_0190,0x10e3c4,4G0907379H_0361,0x11fc44,49,0x11880
4G0907379_0190,0x113de8,4G0907379H_0361,0x120ef0,49,0xd108
4G0907379_0190,0x11406e,4G0907379H_0361,0x11e962,49,0xa8f4
4G0907379_0190,0x115ccc,4G0907379H_0361,0x126da8,49,0x110dc
4G0907379_0190,0x1164bc,4G0907379H_0361,0x125ee4,49,0xfa28
4G0907379_0190,0x11703e,4G0907379H_0361,0x128106,49,0x110c8
4G0907379_0190,0x11711a,4G0907379H_0361,0x1281e2,49,0x110c8
4G0907379_0190,0x1171f6,4G0907379H_0361,0x1282be,49,0x110c8
4G0907379_0190,0x1172d2,4G0907379H_0361,0x12839a,49,0x110c8
4G0907379_0190,0x11f2b0,4G0907379H_0361,0x12c804,49,0xd554
4G0907379_0190,0x124da4,4G0907379H_0361,0x13629c,49,0x114f8
4G0907379_0190,0x128d36,4G0907379H_0361,0x13bab6,49,0x12d80
4G0907379_0190,0x130d0c,4G0907379H_0361,0x143718,49,0x12a0c
4G0907379_0190,0x1316bc,4G0907379H_0361,0x1441c0,49,0x12b04
4G0907379_0190,0x1361a8,4G0907379H_0361,0x148b50,49,0x129a8
4G0907379_0190,0x1382a0,4G0907379H_0361,0x14ad24,49,0x12a84
4G0907379_0190,0x138f68,4G0907379H_0361,0x17af18,49,0x41fb0
4G0907379_0190,0x13b1d0,4G0907379H_0361,0x1624e8,49,0x27318
4G0907379_0190,0x159302,4G0907379H_0361,0x168a0e,49,0xf70c
4G0907379_0190,0x159902,4G0907379H_0361,0x168a7a,49,0xf178
4G0907379_0190,0x15a52a,4G0907379H_0361,0x168b7a,49,0xe650
4G0907379_0190,0x15b152,4G0907379H_0361,0x168c7a,49,0xdb28
4G0907379_0190,0x15bd7a,4G0907379H_0361,0x168d7a,49,0xd000
4G0907379_0190,0x15c3a1,4G0907379H_0361,0x168e0d,49,0xca6c
4G0907379_0190,0x15c9a2,4G0907379H_0361,0x168e7a,49,0xc4d8
4G0907379_0190,0x15d5ca,4G0907379H_0361,0x168f7a,49,0xb9b0
4G0907379_0190,0x15e1f2,4G0907379H_0361,0x16907a,49,0xae88
4G0907379_0190,0xdd60f,4G0907379H_0361,0xeba07,48,0xe3f8
4G0907379_0190,0xde66c,4G0907379H_0361,0xecb1c,48,0xe4b0
4G0907379_0190,0xdf638,4G0907379H_0361,0xedae0,48,0xe4a8
4G0907379_0190,0xe0bd7,4G0907379H_0361,0xf1f93,48,0x113bc
4G0907379_0190,0xe10a7,4G0907379H_0361,0xf2463,48,0x113bc
4G0907379_0190,0xe12fb,4G0907379H_0361,0xf26b7,48,0x113bc
4G0907379_0190,0xe15b7,4G0907379H_0361,0xf2973,48,0x113bc
4G0907379_0190,0xe18ef,4G0907379H_0361,0xf2cab,48,0x113bc
4G0907379_0190,0xe1bd7,4G0907379H_0361,0xf2f93,48,0x113bc
4G0907379_0190,0xe1e4f,4G0907379H_0361,0xf320b,48,0x113bc
4G0907379_0190,0xe1f53,4G0907379H_0361,0xf330f,48,0x113bc
4G0907379_0190,0xe2167,4G0907379H_0361,0xf3523,48,0x113bc
4G0907379_0190,0xe237b,4G0907379H_0361,0xf3737,48,0x113bc
4G0907379_0190,0xe23c3,4G0907379H_0361,0xf377f,48,0x113bc
4G0907379_0190,0xe2577,4G0907379H_0361,0xf3933,48,0x113bc
4G0907379_0190,0xe282f,4G0907379H_0361,0xf3beb,48,0x113bc
4G0907379_0190,0xfb38b,4G0907379H_0361,0x10ad6b,48,0xf9e0
4G0907379_0190,0xfe2b6,4G0907379H_0361,0x10dcea,48,0xfa34
4G0907379_0190,0x10b13c,4G0907379H_0361,0x11a8d0,48,0xf794
4G0907379_0190,0x10fbea,4G0907379H_0361,0x121ffe,48,0x12414
4G0907379_0190,0x111ac8,4G0907379H_0361,0x12399c,48,0x11ed4
4G0907379_0190,0x115285,4G0907379H_0361,0x13a5ed,48,0x25368
4G0907379_0190,0x124a34,4G0907379H_0361,0x1376d0,48,0x12c9c
4G0907379_0190,0x12c182,4G0907379H_0361,0x13e73a,48,0x125b8
4G0907379_0190,0x131f02,4G0907379H_0361,0x144bc6,48,0x12cc4
4G0907379_0190,0x13285e,4G0907379H_0361,0x1452de,48,0x12a80
4G0907379_0190,0x13629c,4G0907379H_0361,0x148c44,48,0x129a8
4G0907379_0190,0x137192,4G0907379H_0361,0x149d8e,48,0x12bfc
4G0907379_0190,0x1380a8,4G0907379H_0361,0x14ac24,48,0x12b7c
4G0907379_0190,0x13d5fa,4G0907379H_0361,0x162c7a,48,0x25680
4G0907379_0190,0x15249c,4G0907379H_0361,0x167540,48,0x150a4
4G0907379_0190,0xdcc92,4G0907379H_0361,0xeaff6,47,0xe364
4G0907379_0190,0xdd998,4G0907379H_0361,0xebd8c,47,0xe3f4
4G0907379_0190,0xde4c2,4G0907379H_0361,0xec92a,47,0xe468
4G0907379_0190,0xe01b4,4G0907379H_0361,0xf1570,47,0x113bc
4G0907379_0190,0xe0200,4G0907379H_0361,0xf15bc,47,0x113bc
4G0907379_0190,0xe0ce0,4G0907379H_0361,0xf209c,47,0x113bc
4G0907379_0190,0xe0d88,4G0907379H_0361,0xf2144,47,0x113bc
4G0907379_0190,0xe1704,4G0907379H_0361,0xf2ac0,47,0x113bc
4G0907379_0190,0xe2050,4G0907379H_0361,0xf340c,47,0x113bc
4G0907379_0190,0xe2094,4G0907379H_0361,0xf3450,47,0x113bc
4G0907379_0190,0xe2280,4G0907379H_0361,0xf363c,47,0x113bc
4G0907379_0190,0xedf9c,4G0907379H_0361,0xfe73c,47,0x107a0
4G0907379_0190,0xf04a0,4G0907379H_0361,0xff918,47,0xf478
4G0907379_0190,0xf20e4,4G0907379H_0361,0x106008,47,0x13f24
4G0907379_0190,0xf3d6c,4G0907379H_0361,0x101650,47,0xd8e4
4G0907379_0190,0xf6554,4G0907379H_0361,0x103cf0,47,0xd79c
4G0907379_0190,0xf7812,4G0907379H_0361,0x106dec,47,0xf5da
4G0907379_0190,0xf933c,4G0907379H_0361,0x1089e0,47,0xf6a4
4G0907379_0190,0xf976c,4G0907379H_0361,0x108eb8,47,0xf74c
4G0907379_0190,0xfe134,4G0907379H_0361,0x10db68,47,0xfa34
4G0907379_0190,0x100eb4,4G0907379H_0361,0x10ec5c,47,0xdda8
4G0907379_0190,0x101084,4G0907379H_0361,0x10f40c,47,0xe388
4G0907379_0190,0x1040ec,4G0907379H_0361,0x120306,47,0x1c21a
4G0907379_0190,0x1042a2,4G0907379H_0361,0x1203f2,47,0x1c150
4G0907379_0190,0x1043a8,4G0907379H_0361,0x115868,47,0x114c0
4G0907379_0190,0x104818,4G0907379H_0361,0x115ca8,47,0x11490
4G0907379_0190,0x10636e,4G0907379H_0361,0x116d0a,47,0x1099c
4G0907379_0190,0x10725e,4G0907379H_0361,0x116542,47,0xf2e4
4G0907379_0190,0x10a8cc,4G0907379H_0361,0x1197de,47,0xef12
4G0907379_0190,0x10b27e,4G0907379H_0361,0x11b1ce,47,0xff50
4G0907379_0190,0x10f220,4G0907379H_0361,0x11ee04,47,0xfbe4
4G0907379_0190,0x10f9be,4G0907379H_0361,0x121dcc,47,0x1240e
4G0907379_0190,0x11151c,4G0907379H_0361,0x1233f0,47,0x11ed4
4G0907379_0190,0x112614,4G0907379H_0361,0x123ac0,47,0x114ac
4G0907379_0190,0x113b3a,4G0907379H_0361,0x120b86,47,0xd04c
4G0907379_0190,0x113c1c,4G0907379H_0361,0x120c6a,47,0xd04e
4G0907379_0190,0x11438a,4G0907379H_0361,0x126642,47,0x122b8
4G0907379_0190,0x11dd82,4G0907379H_0361,0x12f84e,47,0x11acc
4G0907379_0190,0x11deb0,4G0907379H_0361,0x12f980,47,0x11ad0
4G0907379_0190,0x121110,4G0907379H_0361,0x1322cc,47,0x111bc
4G0907379_0190,0x127a84,4G0907379H_0361,0x13e958,47,0x16ed4
4G0907379_0190,0x12853e,4G0907379H_0361,0x13b2ba,47,0x12d7c
4G0907379_0190,0x128d14,4G0907379H_0361,0x13ba94,47,0x12d80
4G0907379_0190,0x128db4,4G0907379H_0361,0x13bb34,47,0x12d80
4G0907379_0190,0x12bad0,4G0907379H_0361,0x13e07c,47,0x125ac
4G0907379_0190,0x12d1dc,4G0907379H_0361,0x13ff2c,47,0x12d50
4G0907379_0190,0x12d732,4G0907379H_0361,0x138f02,47,0xb7d0
4G0907379_0190,0x12da24,4G0907379H_0361,0x1402a0,47,0x1287c
4G0907379_0190,0x12f358,4G0907379H_0361,0x14215e,47,0x12e06
4G0907379_0190,0x130d90,4G0907379H_0361,0x14397c,47,0x12bec
4G0907379_0190,0x130e73,4G0907379H_0361,0x143a5f,47,0x12bec
4G0907379_0190,0x131e2c,4G0907379H_0361,0x14437c,47,0x12550
4G0907379_0190,0x1333e0,4G0907379H_0361,0x145efc,47,0x12b1c
4G0907379_0190,0x136c9c,4G0907379H_0361,0x1497e8,47,0x12b4c
4G0907379_0190,0x13767c,4G0907379H_0361,0x14a1dc,47,0x12b60
4G0907379_0190,0x137938,4G0907379H_0361,0x14a494,47,0x12b5c
4G0907379_0190,0x137c3c,4G0907379H_0361,0x14a81c,47,0x12be0
4G0907379_0190,0x139454,4G0907379H_0361,0x17b1c0,47,0x41d6c
4G0907379_0190,0x13df30,4G0907379H_0361,0x163030,47,0x25100
4G0907379_0190,0x1793fe,4G0907379H_0361,0x16d7da,47,-0xbc24
4G0907379_0190,0x17e59c,4G0907379H_0361,0x16ede4,47,-0xf7b8
4G0907379_0190,0xf2e8f,4G0907379H_0361,0x1005f3,46,0xd764
4G0907379_0190,0xf3ffc,4G0907379H_0361,0x101914,46,0xd918
4G0907379_0190,0xf483c,4G0907379H_0361,0x101d14,46,0xd4d8
4G0907379_0190,0xf64e8,4G0907379H_0361,0x103c74,46,0xd78c
4G0907379_0190,0xf70f6,4G0907379H_0361,0x106662,46,0xf56c
4G0907379_0190,0xf714e,4G0907379H_0361,0x1066ba,46,0xf56c
4G0907379_0190,0xf8618,4G0907379H_0361,0x107cec,46,0xf6d4
4G0907379_0190,0xfd03a,4G0907379H_0361,0x10b998,46,0xe95e
4G0907379_0190,0xfef87,4G0907379H_0361,0x11074b,46,0x117c4
4G0907379_0190,0xff0b3,4G0907379H_0361,0x110877,46,0x117c4
4G0907379_0190,0xff743,4G0907379H_0361,0x110eff,46,0x117bc
4G0907379_0190,0x1009ec,4G0907379H_0361,0x10f204,46,0xe818
4G0907379_0190,0x1047be,4G0907379H_0361,0x115c52,46,0x11494
4G0907379_0190,0x10d190,4G0907379H_0361,0x11d144,46,0xffb4
4G0907379_0190,0x10d8b3,4G0907379H_0361,0x11defb,46,0x10648
4G0907379_0190,0x10d9b7,4G0907379H_0361,0x11dfff,46,0x10648
4G0907379_0190,0x11c94a,4G0907379H_0361,0x12e9ce,46,0x12084
4G0907379_0190,0x11d248,4G0907379H_0361,0x130240,46,0x12ff8
4G0907379_0190,0x122e96,4G0907379H_0361,0x1356f6,46,0x12860
4G0907379_0190,0x122f70,4G0907379H_0361,0x1357d0,46,0x12860
4G0907379_0190,0x125acc,4G0907379H_0361,0x136e70,46,0x113a4
4G0907379_0190,0x128cf4,4G0907379H_0361,0x13ba74,46,0x12d80
4G0907379_0190,0x12a684,4G0907379H_0361,0x13cc34,46,0x125b0
4G0907379_0190,0x12ba7c,4G0907379H_0361,0x13e028,46,0x125ac
4G0907379_0190,0x131377,4G0907379H_0361,0x144037,46,0x12cc0
4G0907379_0190,0x133e70,4G0907379H_0361,0x146a24,46,0x12bb4
4G0907379_0190,0x134198,4G0907379H_0361,0x146e7c,46,0x12ce4
4G0907379_0190,0x134790,4G0907379H_0361,0x1473e8,46,0x12c58
4G0907379_0190,0x13606c,4G0907379H_0361,0x148a14,46,0x129a8
4G0907379_0190,0x14e113,4G0907379H_0361,0x166513,46,0x18400
4G0907379_0190,0xdcfba,4G0907379H_0361,0xeb314,45,0xe35a
4G0907379_0190,0xdd778,4G0907379H_0361,0xebb68,45,0xe3f0
4G0907379_0190,0xdd954,4G0907379H_0361,0xebd48,45,0xe3f4
4G0907379_0190,0xdf0fa,4G0907379H_0361,0xed5a4,45,0xe4aa
4G0907379_0190,0xeb238,4G0907379H_0361,0xfa416,45,0xf1de
4G0907379_0190,0xeca78,4G0907379H_0361,0xfd220,45,0x107a8
4G0907379_0190,0xecc58,4G0907379H_0361,0xfd3fc,45,0x107a4
4G0907379_0190,0x102cf6,4G0907379H_0361,0x1136ae,45,0x109b8
4G0907379_0190,0x1069d2,4G0907379H_0361,0x11736a,45,0x10998
4G0907379_0190,0x107efc,4G0907379H_0361,0x115664,45,0xd768
4G0907379_0190,0x10ddd6,4G0907379H_0361,0x120772,45,0x1299c
4G0907379_0190,0x10e516,4G0907379H_0361,0x11fd96,45,0x11880
4G0907379_0190,0x111a96,4G0907379H_0361,0x12396a,45,0x11ed4
4G0907379_0190,0x114434,4G0907379H_0361,0x1266ec,45,0x122b8
4G0907379_0190,0x1147aa,4G0907379H_0361,0x126a68,45,0x122be
4G0907379_0190,0x118d44,4G0907379H_0361,0x129dd4,45,0x11090
4G0907379_0190,0x119132,4G0907379H_0361,0x12789a,45,0xe768
4G0907379_0190,0x11968a,4G0907379H_0361,0x12973e,45,0x100b4
4G0907379_0190,0x119e34,4G0907379H_0361,0x12ba80,45,0x11c4c
4G0907379_0190,0x11a838,4G0907379H_0361,0x12c0c8,45,0x11890
4G0907379_0190,0x11c038,4G0907379H_0361,0x12e728,45,0x126f0
4G0907379_0190,0x11eeae,4G0907379H_0361,0x131292,45,0x123e4
4G0907379_0190,0x12694c,4G0907379H_0361,0x138fa4,45,0x12658
4G0907379_0190,0x126c4c,4G0907379H_0361,0x1392a4,45,0x12658
4G0907379_0190,0x12ab38,4G0907379H_0361,0x13d260,45,0x12728
4G0907379_0190,0x12bb76,4G0907379H_0361,0x13dd02,45,0x1218c
4G0907379_0190,0x1335d0,4G0907379H_0361,0x1460ec,45,0x12b1c
4G0907379_0190,0x133ee8,4G0907379H_0361,0x146b38,45,0x12c50
4G0907379_0190,0x134898,4G0907379H_0361,0x147464,45,0x12bcc
4G0907379_0190,0x1350e6,4G0907379H_0361,0x147986,45,0x128a0
4G0907379_0190,0x136a76,4G0907379H_0361,0x1494fe,45,0x12a88
4G0907379_0190,0x137828,4G0907379H_0361,0x14a3c8,45,0x12ba0
4G0907379_0190,0x137968,4G0907379H_0361,0x14a4c4,45,0x12b5c
4G0907379_0190,0x147a3a,4G0907379H_0361,0x164bf0,45,0x1d1b6
4G0907379_0190,0x14dc3c,4G0907379H_0361,0x1663bc,45,0x18780
4G0907379_0190,0xe044f,4G0907379H_0361,0xf180b,44,0x113bc
4G0907379_0190,0xe0877,4G0907379H_0361,0xf1c33,44,0x113bc
4G0907379_0190,0xe5634,4G0907379H_0361,0xf6b1c,44,0x114e8
4G0907379_0190,0xe63b9,4G0907379H_0361,0xf7881,44,0x114c8
4G0907379_0190,0xe6c87,4G0907379H_0361,0xf8113,44,0x1148c
4G0907379_0190,0xf25cc,4G0907379H_0361,0x104f78,44,0x129ac
4G0907379_0190,0xf376b,4G0907379H_0361,0x100ed7,44,0xd76c
4G0907379_0190,0xf4784,4G0907379H_0361,0x1028c4,44,0xe140
4G0907379_0190,0xf732a,4G0907379H_0361,0x106896,44,0xf56c
4G0907379_0190,0x1067de,4G0907379H_0361,0x117176,44,0x10998
4G0907379_0190,0x1073e4,4G0907379H_0361,0x116888,44,0xf4a4
4G0907379_0190,0x10b16a,4G0907379H_0361,0x11a8fe,44,0xf794
4G0907379_0190,0x10d209,4G0907379H_0361,0x11d1bd,44,0xffb4
4G0907379_0190,0x10d577,4G0907379H_0361,0x11dbbf,44,0x10648
4G0907379_0190,0x10d63d,4G0907379H_0361,0x11dc85,44,0x10648
4G0907379_0190,0x124a82,4G0907379H_0361,0x13771e,44,0x12c9c
4G0907379_0190,0x1262a6,4G0907379H_0361,0x13728a,44,0x10fe4
4G0907379_0190,0x127558,4G0907379H_0361,0x139d8c,44,0x12834
4G0907379_0190,0x12ccc6,4G0907379H_0361,0x13f3d2,44,0x1270c
4G0907379_0190,0x131b4e,4G0907379H_0361,0x1448e6,44,0x12d98
4G0907379_0190,0x135e30,4G0907379H_0361,0x1486f4,44,0x128c4
4G0907379_0190,0x137cb4,4G0907379H_0361,0x14a8d0,44,0x12c1c
4G0907379_0190,0x13edde,4G0907379H_0361,0x163a76,44,0x24c98
4G0907379_0190,0x1504ff,4G0907379H_0361,0x166fe1,44,0x16ae2
4G0907379_0190,0x152be4,4G0907379H_0361,0x1682f2,44,0x1570e
4G0907379_0190,0x152c4b,4G0907379H_0361,0x16835b,44,0x15710
4G0907379_0190,0xdd0d0,4G0907379H_0361,0xeb468,43,0xe398
4G0907379_0190,0xddcd6,4G0907379H_0361,0xec0c6,43,0xe3f0
4G0907379_0190,0xddda4,4G0907379H_0361,0xec194,43,0xe3f0
4G0907379_0190,0xde614,4G0907379H_0361,0xecac4,43,0xe4b0
4G0907379_0190,0xe0c5a,4G0907379H_0361,0xf2016,43,0x113bc
4G0907379_0190,0xe103a,4G0907379H_0361,0xf23f6,43,0x113bc
4G0907379_0190,0xe4e18,4G0907379H_0361,0xf6302,43,0x114ea
4G0907379_0190,0xedbdc,4G0907379H_0361,0xfe380,43,0x107a4
4G0907379_0190,0xf20a8,4G0907379H_0361,0x105fcc,43,0x13f24
4G0907379_0190,0xf5944,4G0907379H_0361,0x103124,43,0xd7e0
4G0907379_0190,0xf5d48,4G0907379H_0361,0x104340,43,0xe5f8
4G0907379_0190,0xf92a0,4G0907379H_0361,0x108944,43,0xf6a4
4G0907379_0190,0xf96f4,4G0907379H_0361,0x107dc0,43,0xe6cc
4G0907379_0190,0xf9720,4G0907379H_0361,0x107dec,43,0xe6cc
4G0907379_0190,0xfb1b2,4G0907379H_0361,0x10ab92,43,0xf9e0
4G0907379_0190,0xfc8cc,4G0907379H_0361,0x10d2fc,43,0x10a30
4G0907379_0190,0xfeee2,4G0907379H_0361,0x1106a6,43,0x117c4
4G0907379_0190,0xff024,4G0907379H_0361,0x1107e8,43,0x117c4
4G0907379_0190,0xff096,4G0907379H_0361,0x11085a,43,0x117c4
4G0907379_0190,0xff25a,4G0907379H_0361,0x110a1e,43,0x117c4
4G0907379_0190,0x1007dc,4G0907379H_0361,0x10eb2c,43,0xe350
4G0907379_0190,0x107014,4G0907379H_0361,0x1169e4,43,0xf9d0
4G0907379_0190,0x10c05a,4G0907379H_0361,0x11c006,43,0xffac
4G0907379_0190,0x10c364,4G0907379H_0361,0x11c304,43,0xffa0
4G0907379_0190,0x10d520,4G0907379H_0361,0x11db68,43,0x10648
4G0907379_0190,0x10e346,4G0907379H_0361,0x11fbc6,43,0x11880
4G0907379_0190,0x10e47e,4G0907379H_0361,0x11fcfe,43,0x11880
4G0907379_0190,0x11074a,4G0907379H_0361,0x122b5a,43,0x12410
4G0907379_0190,0x110772,4G0907379H_0361,0x122b82,43,0x12410
4G0907379_0190,0x112ac8,4G0907379H_0361,0x123f74,43,0x114ac
4G0907379_0190,0x115bbc,4G0907379H_0361,0x126c84,43,0x110c8
4G0907379_0190,0x115e64,4G0907379H_0361,0x1273bc,43,0x11558
4G0907379_0190,0x119a4e,4G0907379H_0361,0x12a6f6,43,0x10ca8
4G0907379_0190,0x11a9e8,4G0907379H_0361,0x12c27e,43,0x11896
4G0907379_0190,0x11b9d8,4G0907379H_0361,0x12e0d0,43,0x126f8
4G0907379_0190,0x11e11a,4G0907379H_0361,0x12fc02,43,0x11ae8
4G0907379_0190,0x1212c6,4G0907379H_0361,0x132ece,43,0x11c08
4G0907379_0190,0x123706,4G0907379H_0361,0x13c4e6,43,0x18de0
4G0907379_0190,0x1263d4,4G0907379H_0361,0x138254,43,0x11e80
4G0907379_0190,0x127126,4G0907379H_0361,0x1393d4,43,0x122ae
4G0907379_0190,0x12735c,4G0907379H_0361,0x139f26,43,0x12bca
4G0907379_0190,0x127388,4G0907379H_0361,0x139f52,43,0x12bca
4G0907379_0190,0x128520,4G0907379H_0361,0x13b29c,43,0x12d7c
4G0907379_0190,0x12e1c4,4G0907379H_0361,0x140a3c,43,0x12878
4G0907379_0190,0x1344cb,4G0907379H_0361,0x14711b,43,0x12c50
4G0907379_0190,0x134a2c,4G0907379H_0361,0x14756c,43,0x12b40
4G0907379_0190,0x134d6e,4G0907379H_0361,0x147716,43,0x129a8
4G0907379_0190,0x13530a,4G0907379H_0361,0x147daa,43,0x12aa0
4G0907379_0190,0x135644,4G0907379H_0361,0x1480e4,43,0x12aa0
4G0907379_0190,0x13613c,4G0907379H_0361,0x148ae4,43,0x129a8
4G0907379_0190,0x1378b0,4G0907379H_0361,0x14a450,43,0x12ba0
4G0907379_0190,0x13b37a,4G0907379H_0361,0x1625a2,43,0x27228
4G0907379_0190,0x13b398,4G0907379H_0361,0x1625c0,43,0x27228
4G0907379_0190,0x13f41e,4G0907379H_0361,0x163cb6,43,0x24898
4G0907379_0190,0x1514fc,4G0907379H_0361,0x167226,43,0x15d2a
4G0907379_0190,0x151c0a,4G0907379H_0361,0x1672de,43,0x156d4
4G0907379_0190,0xdd156,4G0907379H_0361,0xeb4ee,42,0xe398
4G0907379_0190,0xde142,4G0907379H_0361,0xec5f2,42,0xe4b0
4G0907379_0190,0xe1d51,4G0907379H_0361,0xf310d,42,0x113bc
4G0907379_0190,0xe5156,4G0907379H_0361,0xf663a,42,0x114e4
4G0907379_0190,0xe594d,4G0907379H_0361,0xf6e37,42,0x114ea
4G0907379_0190,0xe5c94,4G0907379H_0361,0xf7172,42,0x114de
4G0907379_0190,0xe7db8,4G0907379H_0361,0xf9218,42,0x11460
4G0907379_0190,0xedcd8,4G0907379H_0361,0xfe47c,42,0x107a4
4G0907379_0190,0xefe28,4G0907379H_0361,0xff1fc,42,0xf3d4
4G0907379_0190,0xf0850,4G0907379H_0361,0xffd6c,42,0xf51c
4G0907379_0190,0xf1c30,4G0907379H_0361,0x105704,42,0x13ad4
4G0907379_0190,0xf2148,4G0907379H_0361,0x10606c,42,0x13f24
4G0907379_0190,0xf2430,4G0907379H_0361,0x106354,42,0x13f24
4G0907379_0190,0xf2660,4G0907379H_0361,0x10584c,42,0x131ec
4G0907379_0190,0xf403c,4G0907379H_0361,0x101954,42,0xd918
4G0907379_0190,0xf4700,4G0907379H_0361,0x101dd4,42,0xd6d4
4G0907379_0190,0xf4740,4G0907379H_0361,0x101e14,42,0xd6d4
4G0907379_0190,0xf4ef4,4G0907379H_0361,0x102588,42,0xd694
4G0907379_0190,0xf50c4,4G0907379H_0361,0x10342c,42,0xe368
4G0907379_0190,0xf7758,4G0907379H_0361,0x106d24,42,0xf5cc
4G0907379_0190,0xf81e2,4G0907379H_0361,0x107856,42,0xf674
4G0907379_0190,0xfc264,4G0907379H_0361,0x10ccb6,42,0x10a52
4G0907379_0190,0xfe374,4G0907379H_0361,0x10dda8,42,0xfa34
4G0907379_0190,0xfeec6,4G0907379H_0361,0x11068a,42,0x117c4
4G0907379_0190,0xff12c,4G0907379H_0361,0x1108f0,42,0x117c4
4G0907379_0190,0x100718,4G0907379H_0361,0x10ef6c,42,0xe854
4G0907379_0190,0x101c08,4G0907379H_0361,0x1112c4,42,0xf6bc
4G0907379_0190,0x10e01a,4G0907379H_0361,0x12099a,42,0x12980
4G0907379_0190,0x110dd0,4G0907379H_0361,0x12903c,42,0x1826c
4G0907379_0190,0x11828e,4G0907379H_0361,0x12ab04,42,0x12876
4G0907379_0190,0x11a474,4G0907379H_0361,0x13b0a0,42,0x20c2c
4G0907379_0190,0x121b9c,4G0907379H_0361,0x135d10,42,0x14174
4G0907379_0190,0x1241d2,4G0907379H_0361,0x136a1a,42,0x12848
4G0907379_0190,0x125e70,4G0907379H_0361,0x1380dc,42,0x1226c
4G0907379_0190,0x12923e,4G0907379H_0361,0x13bfca,42,0x12d8c
4G0907379_0190,0x12ffa5,4G0907379H_0361,0x1429b5,42,0x12a10
4G0907379_0190,0x133cd8,4G0907379H_0361,0x1467f0,42,0x12b18
4G0907379_0190,0x13609c,4G0907379H_0361,0x148a44,42,0x129a8
4G0907379_0190,0x13dad6,4G0907379H_0361,0x162f7e,42,0x254a8
4G0907379_0190,0x13fc3e,4G0907379H_0361,0x163eea,42,0x242ac
4G0907379_0190,0x14cf32,4G0907379H_0361,0x165e6e,42,0x18f3c
4G0907379_0190,0x14dc67,4G0907379H_0361,0x1663e7,42,0x18780
4G0907379_0190,0x14eab9,4G0907379H_0361,0x16675f,42,0x17ca6
4G0907379_0190,0x160029,4G0907379H_0361,0x17b493,42,0x1b46a
4G0907379_0190,0xdd722,4G0907379H_0361,0xebb14,41,0xe3f2
4G0907379_0190,0xe0f7c,4G0907379H_0361,0xf2338,41,0x113bc
4G0907379_0190,0xe57f0,4G0907379H_0361,0xf6cdc,41,0x114ec
4G0907379_0190,0xe646e,4G0907379H_0361,0xf7938,41,0x114ca
4G0907379_0190,0xe6aba,4G0907379H_0361,0xf7f48,41,0x1148e
4G0907379_0190,0xe6e0e,4G0907379H_0361,0xf828a,41,0x1147c
4G0907379_0190,0xed5a4,4G0907379H_0361,0xfdd4c,41,0x107a8
4G0907379_0190,0xf3750,4G0907379H_0361,0x100ebc,41,0xd76c
4G0907379_0190,0xf38e9,4G0907379H_0361,0x101b41,41,0xe258
4G0907379_0190,0xf7ed4,4G0907379H_0361,0x1074d0,41,0xf5fc
4G0907379_0190,0xfbc18,4G0907379H_0361,0x10b608,41,0xf9f0
4G0907379_0190,0xfc0fa,4G0907379H_0361,0x10cb52,41,0x10a58
4G0907379_0190,0xfc130,4G0907379H_0361,0x10cb88,41,0x10a58
4G0907379_0190,0xfc726,4G0907379H_0361,0x10d156,41,0x10a30
4G0907379_0190,0x10411c,4G0907379H_0361,0x120336,41,0x1c21a
4G0907379_0190,0x1042d2,4G0907379H_0361,0x120422,41,0x1c150
4G0907379_0190,0x104458,4G0907379H_0361,0x115918,41,0x114c0
4G0907379_0190,0x10645c,4G0907379H_0361,0x116df8,41,0x1099c
4G0907379_0190,0x10a0ee,4G0907379H_0361,0x117df2,41,0xdd04
4G0907379_0190,0x10a902,4G0907379H_0361,0x119814,41,0xef12
4G0907379_0190,0x10b252,4G0907379H_0361,0x11b1a2,41,0xff50
4G0907379_0190,0x10d322,4G0907379H_0361,0x11d2d6,41,0xffb4
4G0907379_0190,0x10d704,4G0907379H_0361,0x11dd4c,41,0x10648
4G0907379_0190,0x10d756,4G0907379H_0361,0x11dd9e,41,0x10648
4G0907379_0190,0x10d7c6,4G0907379H_0361,0x11de0e,41,0x10648
4G0907379_0190,0x10fcdc,4G0907379H_0361,0x1215f4,41,0x11918
4G0907379_0190,0x1103f0,4G0907379H_0361,0x1222b4,41,0x11ec4
4G0907379_0190,0x110646,4G0907379H_0361,0x12250a,41,0x11ec4
4G0907379_0190,0x113552,4G0907379H_0361,0x1244fa,41,0x10fa8
4G0907379_0190,0x114d62,4G0907379H_0361,0x12701a,41,0x122b8
4G0907379_0190,0x115b86,4G0907379H_0361,0x126c4e,41,0x110c8
4G0907379_0190,0x11b4ea,4G0907379H_0361,0x12d88a,41,0x123a0
4G0907379_0190,0x11ba24,4G0907379H_0361,0x12e11c,41,0x126f8
4G0907379_0190,0x11bf9c,4G0907379H_0361,0x12e68c,41,0x126f0
4G0907379_0190,0x11e1a4,4G0907379H_0361,0x1302a0,41,0x120fc
4G0907379_0190,0x11feec,4G0907379H_0361,0x1327e8,41,0x128fc
4G0907379_0190,0x1240a6,4G0907379H_0361,0x1368ee,41,0x12848
4G0907379_0190,0x128784,4G0907379H_0361,0x13bba8,41,0x13424
4G0907379_0190,0x128848,4G0907379H_0361,0x13bc6a,41,0x13422
4G0907379_0190,0x12bbde,4G0907379H_0361,0x13dd6a,41,0x1218c
4G0907379_0190,0x12d3e0,4G0907379H_0361,0x140130,41,0x12d50
4G0907379_0190,0x12de14,4G0907379H_0361,0x140560,41,0x1274c
4G0907379_0190,0x130e02,4G0907379H_0361,0x1439ee,41,0x12bec
4G0907379_0190,0x1323f0,4G0907379H_0361,0x145178,41,0x12d88
4G0907379_0190,0x1349f8,4G0907379H_0361,0x147538,41,0x12b40
4G0907379_0190,0x138fe6,4G0907379H_0361,0x17af96,41,0x41fb0
4G0907379_0190,0x13915c,4G0907379H_0361,0x17b01e,41,0x41ec2
4G0907379_0190,0x1394e2,4G0907379H_0361,0x17b24e,41,0x41d6c
4G0907379_0190,0x139658,4G0907379H_0361,0x17b2d6,41,0x41c7e
4G0907379_0190,0x150b90,4G0907379H_0361,0x1670a2,41,0x16512
4G0907379_0190,0x151cde,4G0907379H_0361,0x1672fc,41,0x1561e
4G0907379_0190,0x15ebce,4G0907379H_0361,0x16923a,41,0xa66c
4G0907379_0190,0x166099,4G0907379H_0361,0x17120b,41,0xb172
4G0907379_0190,0x173a74,4G0907379H_0361,0x16e8c8,41,-0x51ac
4G0907379_0190,0xdc930,4G0907379H_0361,0xeac38,40,0xe308
4G0907379_0190,0xdd24e,4G0907379H_0361,0xeb642,40,0xe3f4
4G0907379_0190,0xde7db,4G0907379H_0361,0xecc8f,40,0xe4b4
4G0907379_0190,0xe07e7,4G0907379H_0361,0xf1ba3,40,0x113bc
4G0907379_0190,0xe5446,4G0907379H_0361,0xf692e,40,0x114e8
4G0907379_0190,0xe5f19,4G0907379H_0361,0xf73e5,40,0x114cc
4G0907379_0190,0xe6123,4G0907379H_0361,0xf75e5,40,0x114c2
4G0907379_0190,0xe6b5e,4G0907379H_0361,0xf7eb6,40,0x11358
4G0907379_0190,0xf46b0,4G0907379H_0361,0x102b84,40,0xe4d4
4G0907379_0190,0xf4bfb,4G0907379H_0361,0x1023bb,40,0xd7c0
4G0907379_0190,0x1018c8,4G0907379H_0361,0x111cd8,40,0x10410
4G0907379_0190,0x1049da,4G0907379H_0361,0x115e6a,40,0x11490
4G0907379_0190,0x10b039,4G0907379H_0361,0x11a7c5,40,0xf78c
4G0907379_0190,0x10b10d,4G0907379H_0361,0x11a8a1,40,0xf794
4G0907379_0190,0x11111e,4G0907379H_0361,0x1257aa,40,0x1468c
4G0907379_0190,0x113853,4G0907379H_0361,0x1247fb,40,0x10fa8
4G0907379_0190,0x12b78e,4G0907379H_0361,0x13de9a,40,0x1270c
4G0907379_0190,0x12bc2f,4G0907379H_0361,0x13ddbb,40,0x1218c
4G0907379_0190,0x12e29a,4G0907379H_0361,0x140b12,40,0x12878
4G0907379_0190,0x134d30,4G0907379H_0361,0x1476d8,40,0x129a8
4G0907379_0190,0x136a08,4G0907379H_0361,0x149020,40,0x12618
4G0907379_0190,0x13a3d5,4G0907379H_0361,0x162305,40,0x27f30
4G0907379_0190,0x13e2de,4G0907379H_0361,0x16367c,40,0x2539e
4G0907379_0190,0x1406e2,4G0907379H_0361,0x16442c,40,0x23d4a
4G0907379_0190,0x152e06,4G0907379H_0361,0x16327e,40,0x10478
4G0907379_0190,0x16b271,4G0907379H_0361,0x169523,40,-0x1d4e
4G0907379_0190,0x1733ab,4G0907379H_0361,0x16e82b,40,-0x4b80
4G0907379_0190,0x179439,4G0907379H_0361,0x16d815,40,-0xbc24
4G0907379_0190,0xdc84e,4G0907379H_0361,0xeab5a,39,0xe30c
4G0907379_0190,0xdc8e0,4G0907379H_0361,0xeabec,39,0xe30c
4G0907379_0190,0xdd53f,4G0907379H_0361,0xeaa07,39,0xd4c8
4G0907379_0190,0xddafa,4G0907379H_0361,0xebeea,39,0xe3f0
4G0907379_0190,0xddfbc,4G0907379H_0361,0xec3b0,39,0xe3f4
4G0907379_0190,0xdf3e0,4G0907379H_0361,0xed888,39,0xe4a8
4G0907379_0190,0xdf530,4G0907379H_0361,0xed9d8,39,0xe4a8
4G0907379_0190,0xe0a48,4G0907379H_0361,0xf1e04,39,0x113bc
4G0907379_0190,0xe0ec4,4G0907379H_0361,0xf2280,39,0x113bc
4G0907379_0190,0xe118c,4G0907379H_0361,0xf2548,39,0x113bc
4G0907379_0190,0xe5912,4G0907379H_0361,0xf6dfe,39,0x114ec
4G0907379_0190,0xed244,4G0907379H_0361,0xfd9ec,39,0x107a8
4G0907379_0190,0xed676,4G0907379H_0361,0xfde1e,39,0x107a8
4G0907379_0190,0xeda20,4G0907379H_0361,0xfe1ca,39,0x107aa
4G0907379_0190,0xf11d0,4G0907379H_0361,0xff080,39,0xdeb0
4G0907379_0190,0xf1b68,4G0907379H_0361,0x105638,39,0x13ad0
4G0907379_0190,0xf37ad,4G0907379H_0361,0x100f19,39,0xd76c
4G0907379_0190,0xf3919,4G0907379H_0361,0x101b11,39,0xe1f8
4G0907379_0190,0xf509c,4G0907379H_0361,0x103404,39,0xe368
4G0907379_0190,0xf5ccc,4G0907379H_0361,0x1043d4,39,0xe708
4G0907379_0190,0xf5d20,4G0907379H_0361,0x104318,39,0xe5f8
4G0907379_0190,0xf74a6,4G0907379H_0361,0x106a12,39,0xf56c
4G0907379_0190,0xf944c,4G0907379H_0361,0x108af0,39,0xf6a4
4G0907379_0190,0xfb090,4G0907379H_0361,0x10aa70,39,0xf9e0
4G0907379_0190,0xfc1a2,4G0907379H_0361,0x10cbfa,39,0x10a58
4G0907379_0190,0x100e14,4G0907379H_0361,0x10f194,39,0xe380
4G0907379_0190,0x10142c,4G0907379H_0361,0x1118fc,39,0x104d0
4G0907379_0190,0x102c8a,4G0907379H_0361,0x113642,39,0x109b8
4G0907379_0190,0x1064a0,4G0907379H_0361,0x116e3c,39,0x1099c
4G0907379_0190,0x106d08,4G0907379H_0361,0x1166f0,39,0xf9e8
4G0907379_0190,0x106ea4,4G0907379H_0361,0x11644c,39,0xf5a8
4G0907379_0190,0x10904a,4G0907379H_0361,0x1186c6,39,0xf67c
4G0907379_0190,0x10a118,4G0907379H_0361,0x117e1c,39,0xdd04
4G0907379_0190,0x10b7f8,4G0907379H_0361,0x11b780,39,0xff88
4G0907379_0190,0x10de48,4G0907379H_0361,0x1207e4,39,0x1299c
4G0907379_0190,0x10fbaa,4G0907379H_0361,0x121fbe,39,0x12414
4G0907379_0190,0x10fe4c,4G0907379H_0361,0x12175c,39,0x11910
4G0907379_0190,0x110296,4G0907379H_0361,0x12215a,39,0x11ec4
4G0907379_0190,0x1104ce,4G0907379H_0361,0x122392,39,0x11ec4
4G0907379_0190,0x110578,4G0907379H_0361,0x12243c,39,0x11ec4
4G0907379_0190,0x1117f4,4G0907379H_0361,0x1236c8,39,0x11ed4
4G0907379_0190,0x111840,4G0907379H_0361,0x123714,39,0x11ed4
4G0907379_0190,0x112a9c,4G0907379H_0361,0x123f48,39,0x114ac
4G0907379_0190,0x114c18,4G0907379H_0361,0x1290d0,39,0x144b8
4G0907379_0190,0x115c6e,4G0907379H_0361,0x126d46,39,0x110d8
4G0907379_0190,0x11ad26,4G0907379H_0361,0x12d0b2,39,0x1238c
4G0907379_0190,0x11bb2e,4G0907379H_0361,0x12e21c,39,0x126ee
4G0907379_0190,0x11bdcc,4G0907379H_0361,0x12f4c0,39,0x136f4
4G0907379_0190,0x11ddb2,4G0907379H_0361,0x12f87e,39,0x11acc
4G0907379_0190,0x11e14e,4G0907379H_0361,0x12fc36,39,0x11ae8
4G0907379_0190,0x1203d6,4G0907379H_0361,0x1324f2,39,0x1211c
4G0907379_0190,0x1239ca,4G0907379H_0361,0x133d4e,39,0x10384
4G0907379_0190,0x125a38,4G0907379H_0361,0x136ddc,39,0x113a4
4G0907379_0190,0x125f98,4G0907379H_0361,0x1377b8,39,0x11820
4G0907379_0190,0x12b0c6,4G0907379H_0361,0x13e192,39,0x130cc
4G0907379_0190,0x12bf08,4G0907379H_0361,0x13a17c,39,0xe274
4G0907379_0190,0x12c6a6,4G0907379H_0361,0x13edb6,39,0x12710
4G0907379_0190,0x12dd00,4G0907379H_0361,0x13fbb8,39,0x11eb8
4G0907379_0190,0x1323b0,4G0907379H_0361,0x145138,39,0x12d88
4G0907379_0190,0x1323cc,4G0907379H_0361,0x145154,39,0x12d88
4G0907379_0190,0x132c8c,4G0907379H_0361,0x145650,39,0x129c4
4G0907379_0190,0x1330c6,4G0907379H_0361,0x145a8a,39,0x129c4
4G0907379_0190,0x13513c,4G0907379H_0361,0x1479dc,39,0x128a0
4G0907379_0190,0x1353f6,4G0907379H_0361,0x147e96,39,0x12aa0
4G0907379_0190,0x138644,4G0907379H_0361,0x14b0e8,39,0x12aa4
4G0907379_0190,0x139ef2,4G0907379H_0361,0x162130,39,0x2823e
4G0907379_0190,0x14d22a,4G0907379H_0361,0x166064,39,0x18e3a
4G0907379_0190,0x150f0a,4G0907379H_0361,0x167190,39,0x16286
4G0907379_0190,0x152924,4G0907379H_0361,0x1681ae,39,0x1588a
4G0907379_0190,0x165286,4G0907379H_0361,0x170680,39,0xb3fa
4G0907379_0190,0x16c054,4G0907379H_0361,0x16f178,39,0x3124
4G0907379_0190,0xdcb0e,4G0907379H_0361,0xeae80,38,0xe372
4G0907379_0190,0xde267,4G0907379H_0361,0xec76f,38,0xe508
4G0907379_0190,0xde9d6,4G0907379H_0361,0xed106,38,0xe730
4G0907379_0190,0xdf251,4G0907379H_0361,0xed6fb,38,0xe4aa
4G0907379_0190,0xe0aa0,4G0907379H_0361,0xf1e5c,38,0x113bc
4G0907379_0190,0xe0d65,4G0907379H_0361,0xf2121,38,0x113bc
4G0907379_0190,0xe1d6e,4G0907379H_0361,0xf312a,38,0x113bc
4G0907379_0190,0xe6899,4G0907379H_0361,0xf7d39,38,0x114a0
4G0907379_0190,0xf0dc0,4G0907379H_0361,0xfec40,38,0xde80
4G0907379_0190,0xf0df4,4G0907379H_0361,0xfec74,38,0xde80
4G0907379_0190,0xf0e0c,4G0907379H_0361,0xfec8c,38,0xde80
4G0907379_0190,0xf1130,4G0907379H_0361,0xfefe0,38,0xdeb0
4G0907379_0190,0xf2638,4G0907379H_0361,0x105824,38,0x131ec
4G0907379_0190,0xf28c0,4G0907379H_0361,0x105a94,38,0x131d4
4G0907379_0190,0xf2dd2,4G0907379H_0361,0x100536,38,0xd764
4G0907379_0190,0xf3bfc,4G0907379H_0361,0x1014f8,38,0xd8fc
4G0907379_0190,0xf3c4c,4G0907379H_0361,0x101548,38,0xd8fc
4G0907379_0190,0xf4068,4G0907379H_0361,0x101980,38,0xd918
4G0907379_0190,0xf5368,4G0907379H_0361,0x1027ac,38,0xd444
4G0907379_0190,0xf6314,4G0907379H_0361,0x103a34,38,0xd720
4G0907379_0190,0xf6eb4,4G0907379H_0361,0x104810,38,0xd95c
4G0907379_0190,0xf7126,4G0907379H_0361,0x106692,38,0xf56c
4G0907379_0190,0xf9474,4G0907379H_0361,0x108b18,38,0xf6a4
4G0907379_0190,0xfbcea,4G0907379H_0361,0x10c75a,38,0x10a70
4G0907379_0190,0xfc821,4G0907379H_0361,0x10d24b,38,0x10a2a
4G0907379_0190,0x1006f0,4G0907379H_0361,0x10ef44,38,0xe854
4G0907379_0190,0x101144,4G0907379H_0361,0x10ebd0,38,0xda8c
4G0907379_0190,0x106bfc,4G0907379H_0361,0x117594,38,0x10998
4G0907379_0190,0x107548,4G0907379H_0361,0x116b4c,38,0xf604
4G0907379_0190,0x107570,4G0907379H_0361,0x116b74,38,0xf604
4G0907379_0190,0x10d33d,4G0907379H_0361,0x11d2f1,38,0xffb4
4G0907379_0190,0x11127a,4G0907379H_0361,0x12314e,38,0x11ed4
4G0907379_0190,0x111440,4G0907379H_0361,0x123314,38,0x11ed4
4G0907379_0190,0x114548,4G0907379H_0361,0x126800,38,0x122b8
4G0907379_0190,0x11bec0,4G0907379H_0361,0x12f594,38,0x136d4
4G0907379_0190,0x11c9bc,4G0907379H_0361,0x12ea40,38,0x12084
4G0907379_0190,0x11fff2,4G0907379H_0361,0x1328e4,38,0x128f2
4G0907379_0190,0x120964,4G0907379H_0361,0x132a7c,38,0x12118
4G0907379_0190,0x1241a6,4G0907379H_0361,0x1369ee,38,0x12848
4G0907379_0190,0x1247f8,4G0907379H_0361,0x136570,38,0x11d78
4G0907379_0190,0x124cd0,4G0907379H_0361,0x134d54,38,0x10084
4G0907379_0190,0x1273d8,4G0907379H_0361,0x139fa0,38,0x12bc8
4G0907379_0190,0x129900,4G0907379H_0361,0x13b7cc,38,0x11ecc
4G0907379_0190,0x12d19c,4G0907379H_0361,0x13feec,38,0x12d50
4G0907379_0190,0x12e20f,4G0907379H_0361,0x140a87,38,0x12878
4G0907379_0190,0x12f508,4G0907379H_0361,0x142628,38,0x13120
4G0907379_0190,0x130351,4G0907379H_0361,0x142c69,38,0x12918
4G0907379_0190,0x132d74,4G0907379H_0361,0x145738,38,0x129c4
4G0907379_0190,0x136b88,4G0907379H_0361,0x1496d4,38,0x12b4c
4G0907379_0190,0x136de6,4G0907379H_0361,0x14958e,38,0x127a8
4G0907379_0190,0x13d9e6,4G0907379H_0361,0x162ec0,38,0x254da
4G0907379_0190,0x13ef3e,4G0907379H_0361,0x163b48,38,0x24c0a
4G0907379_0190,0x13fd86,4G0907379H_0361,0x164116,38,0x24390
4G0907379_0190,0x14023a,4G0907379H_0361,0x1641ea,38,0x23fb0
4G0907379_0190,0x14e573,4G0907379H_0361,0x16344f,38,0x14edc
4G0907379_0190,0x151ee6,4G0907379H_0361,0x167334,38,0x1544e
4G0907379_0190,0xdd080,4G0907379H_0361,0xeb42a,37,0xe3aa
4G0907379_0190,0xdf2a1,4G0907379H_0361,0xed74b,37,0xe4aa
4G0907379_0190,0xdf2fe,4G0907379H_0361,0xed7a8,37,0xe4aa
4G0907379_0190,0xe4e44,4G0907379H_0361,0xf632e,37,0x114ea
4G0907379_0190,0xe5b04,4G0907379H_0361,0xf6fe4,37,0x114e0
4G0907379_0190,0xe6dc6,4G0907379H_0361,0xf8242,37,0x1147c
4G0907379_0190,0xeccd2,4G0907379H_0361,0xfd476,37,0x107a4
4G0907379_0190,0xed376,4G0907379H_0361,0xfdb1e,37,0x107a8
4G0907379_0190,0xf59a8,4G0907379H_0361,0x103188,37,0xd7e0
4G0907379_0190,0xfb312,4G0907379H_0361,0x10acf2,37,0xf9e0
4G0907379_0190,0xff23c,4G0907379H_0361,0x110a00,37,0x117c4
4G0907379_0190,0x1002c0,4G0907379H_0361,0x10feda,37,0xfc1a
4G0907379_0190,0x102df2,4G0907379H_0361,0x113772,37,0x10980
4G0907379_0190,0x102f58,4G0907379H_0361,0x1138d8,37,0x10980
4G0907379_0190,0x104b68,4G0907379H_0361,0x115ff8,37,0x11490
4G0907379_0190,0x106a90,4G0907379H_0361,0x117428,37,0x10998
4G0907379_0190,0x10c396,4G0907379H_0361,0x11c336,37,0xffa0
4G0907379_0190,0x10c3d2,4G0907379H_0361,0x11c372,37,0xffa0
4G0907379_0190,0x10d41a,4G0907379H_0361,0x11d3ce,37,0xffb4
4G0907379_0190,0x10e1e4,4G0907379H_0361,0x11fa64,37,0x11880
4G0907379_0190,0x10e4da,4G0907379H_0361,0x11fd5a,37,0x11880
4G0907379_0190,0x10f1e8,4G0907379H_0361,0x11edcc,37,0xfbe4
4G0907379_0190,0x112a3c,4G0907379H_0361,0x123ee8,37,0x114ac
4G0907379_0190,0x116c4d,4G0907379H_0361,0x128e19,37,0x121cc
4G0907379_0190,0x11ac34,4G0907379H_0361,0x12cfc0,37,0x1238c
4G0907379_0190,0x11acfe,4G0907379H_0361,0x12d08a,37,0x1238c
4G0907379_0190,0x11b3ac,4G0907379H_0361,0x12d74c,37,0x123a0
4G0907379_0190,0x11b7f8,4G0907379H_0361,0x12dba0,37,0x123a8
4G0907379_0190,0x11d096,4G0907379H_0361,0x13009a,37,0x13004
4G0907379_0190,0x11dd5c,4G0907379H_0361,0x12f828,37,0x11acc
4G0907379_0190,0x11df09,4G0907379H_0361,0x12f9d9,37,0x11ad0
4G0907379_0190,0x11f1ce,4G0907379H_0361,0x1315b2,37,0x123e4
4G0907379_0190,0x120d8e,4G0907379H_0361,0x132c1e,37,0x11e90
4G0907379_0190,0x1213a0,4G0907379H_0361,0x132fa8,37,0x11c08
4G0907379_0190,0x1225fc,4G0907379H_0361,0x1349a8,37,0x123ac
4G0907379_0190,0x124bb8,4G0907379H_0361,0x134c1c,37,0x10064
4G0907379_0190,0x124dd6,4G0907379H_0361,0x1362ce,37,0x114f8
4G0907379_0190,0x1251e2,4G0907379H_0361,0x137e7e,37,0x12c9c
4G0907379_0190,0x125296,4G0907379H_0361,0x137f32,37,0x12c9c
4G0907379_0190,0x1263a8,4G0907379H_0361,0x138228,37,0x11e80
4G0907379_0190,0x126422,4G0907379H_0361,0x1382a2,37,0x11e80
4G0907379_0190,0x128900,4G0907379H_0361,0x13c068,37,0x13768
4G0907379_0190,0x12a6f8,4G0907379H_0361,0x13cca8,37,0x125b0
4G0907379_0190,0x12ab90,4G0907379H_0361,0x13d2b8,37,0x12728
4G0907379_0190,0x12af34,4G0907379H_0361,0x13d91a,37,0x129e6
4G0907379_0190,0x12afdc,4G0907379H_0361,0x13d9c2,37,0x129e6
4G0907379_0190,0x12b230,4G0907379H_0361,0x13d7dc,37,0x125ac
4G0907379_0190,0x12c5e0,4G0907379H_0361,0x1404d8,37,0x13ef8
4G0907379_0190,0x12ca9e,4G0907379H_0361,0x13ef12,37,0x12474
4G0907379_0190,0x12f064,4G0907379H_0361,0x141a18,37,0x129b4
4G0907379_0190,0x133b68,4G0907379H_0361,0x1465e0,37,0x12a78
4G0907379_0190,0x1352e4,4G0907379H_0361,0x147d84,37,0x12aa0
4G0907379_0190,0x135b22,4G0907379H_0361,0x1484ce,37,0x129ac
4G0907379_0190,0x1377e4,4G0907379H_0361,0x14a384,37,0x12ba0
4G0907379_0190,0x13798e,4G0907379H_0361,0x14a4ea,37,0x12b5c
4G0907379_0190,0x138310,4G0907379H_0361,0x14adb8,37,0x12aa8
4G0907379_0190,0x13eaab,4G0907379H_0361,0x163a39,37,0x24f8e
4G0907379_0190,0x13f574,4G0907379H_0361,0x163406,37,0x23e92
4G0907379_0190,0x141dd4,4G0907379H_0361,0x164964,37,0x22b90
4G0907379_0190,0x148359,4G0907379H_0361,0x164f29,37,0x1cbd0
4G0907379_0190,0x14990c,4G0907379H_0361,0x165258,37,0x1b94c
4G0907379_0190,0x150be1,4G0907379H_0361,0x1670f3,37,0x16512
4G0907379_0190,0x15f3b8,4G0907379H_0361,0x17f004,37,0x1fc4c
4G0907379_0190,0x167199,4G0907379H_0361,0x17191f,37,0xa786
4G0907379_0190,0x16c0d4,4G0907379H_0361,0x171c00,37,0x5b2c
4G0907379_0190,0xde5c2,4G0907379H_0361,0xeca78,36,0xe4b6
4G0907379_0190,0xdecc5,4G0907379H_0361,0xed11d,36,0xe458
4G0907379_0190,0xe0bac,4G0907379H_0361,0xf1f68,36,0x113bc
4G0907379_0190,0xe58df,4G0907379H_0361,0xf6dcb,36,0x114ec
4G0907379_0190,0xe5d90,4G0907379H_0361,0xf726a,36,0x114da
4G0907379_0190,0xe7454,4G0907379H_0361,0xf88c4,36,0x11470
4G0907379_0190,0xe7d2a,4G0907379H_0361,0xf918a,36,0x11460
4G0907379_0190,0xedb00,4G0907379H_0361,0xfe2a8,36,0x107a8
4G0907379_0190,0xf4944,4G0907379H_0361,0x10211c,36,0xd7d8
4G0907379_0190,0xf6e5c,4G0907379H_0361,0x1047b0,36,0xd954
4G0907379_0190,0x10fb7c,4G0907379H_0361,0x121f90,36,0x12414
4G0907379_0190,0x11131e,4G0907379H_0361,0x1231f2,36,0x11ed4
4G0907379_0190,0x112635,4G0907379H_0361,0x123ae1,36,0x114ac
4G0907379_0190,0x113791,4G0907379H_0361,0x124739,36,0x10fa8
4G0907379_0190,0x114e0a,4G0907379H_0361,0x1270be,36,0x122b4
4G0907379_0190,0x115a32,4G0907379H_0361,0x126afa,36,0x110c8
4G0907379_0190,0x11aacc,4G0907379H_0361,0x12c370,36,0x118a4
4G0907379_0190,0x11e852,4G0907379H_0361,0x13096a,36,0x12118
4G0907379_0190,0x11ff62,4G0907379H_0361,0x13285e,36,0x128fc
4G0907379_0190,0x1222dc,4G0907379H_0361,0x134fbc,36,0x12ce0
4G0907379_0190,0x123f6a,4G0907379H_0361,0x136c12,36,0x12ca8
4G0907379_0190,0x124aaf,4G0907379H_0361,0x13774b,36,0x12c9c
4G0907379_0190,0x126aac,4G0907379H_0361,0x139104,36,0x12658
4G0907379_0190,0x12926a,4G0907379H_0361,0x13bff6,36,0x12d8c
4G0907379_0190,0x12a96e,4G0907379H_0361,0x13cf22,36,0x125b4
4G0907379_0190,0x12fdfa,4G0907379H_0361,0x1415fa,36,0x11800
4G0907379_0190,0x1322a8,4G0907379H_0361,0x145030,36,0x12d88
4G0907379_0190,0x133aaa,4G0907379H_0361,0x146522,36,0x12a78
4G0907379_0190,0x1353bc,4G0907379H_0361,0x147e5c,36,0x12aa0
4G0907379_0190,0x1361da,4G0907379H_0361,0x148b82,36,0x129a8
4G0907379_0190,0x1362de,4G0907379H_0361,0x148c86,36,0x129a8
4G0907379_0190,0x13b8b1,4G0907379H_0361,0x16270d,36,0x26e5c
4G0907379_0190,0x141240,4G0907379H_0361,0x1647e0,36,0x235a0
4G0907379_0190,0x14cfb7,4G0907379H_0361,0x165ef3,36,0x18f3c
4G0907379_0190,0x14ff2c,4G0907379H_0361,0x166ef4,36,0x16fc8
4G0907379_0190,0x153735,4G0907379H_0361,0x1686cf,36,0x14f9a
4G0907379_0190,0x153b1e,4G0907379H_0361,0x168936,36,0x14e18
4G0907379_0190,0x16548f,4G0907379H_0361,0x1706bb,36,0xb22c
4G0907379_0190,0x16c104,4G0907379H_0361,0x171c44,36,0x5b40
4G0907379_0190,0x179556,4G0907379H_0361,0x16d932,36,-0xbc24
4G0907379_0190,0xdd11a,4G0907379H_0361,0xeb4b2,35,0xe398
4G0907379_0190,0xe1088,4G0907379H_0361,0xf2444,35,0x113bc
4G0907379_0190,0xe5ed0,4G0907379H_0361,0xf739c,35,0x114cc
4G0907379_0190,0xe6650,4G0907379H_0361,0xf7b16,35,0x114c6
4G0907379_0190,0xe79fa,4G0907379H_0361,0xf8e66,35,0x1146c
4G0907379_0190,0xe7cfe,4G0907379H_0361,0xf915e,35,0x11460
4G0907379_0190,0xed994,4G0907379H_0361,0xfe13c,35,0x107a8
4G0907379_0190,0xee152,4G0907379H_0361,0xfe8ea,35,0x10798
4G0907379_0190,0xf2c18,4G0907379H_0361,0x105528,35,0x12910
4G0907379_0190,0xf2e41,4G0907379H_0361,0x1005a5,35,0xd764
4G0907379_0190,0xf2e76,4G0907379H_0361,0x1005da,35,0xd764
4G0907379_0190,0xf35b7,4G0907379H_0361,0x100d1b,35,0xd764
4G0907379_0190,0xf3678,4G0907379H_0361,0x100e8c,35,0xd814
4G0907379_0190,0xf37cc,4G0907379H_0361,0x100f38,35,0xd76c
4G0907379_0190,0xf37e8,4G0907379H_0361,0x100f54,35,0xd76c
4G0907379_0190,0xf42a0,4G0907379H_0361,0x101ac0,35,0xd820
4G0907379_0190,0xf4e93,4G0907379H_0361,0x10205b,35,0xd1c8
4G0907379_0190,0xf699c,4G0907379H_0361,0x1041e4,35,0xd848
4G0907379_0190,0xf7e58,4G0907379H_0361,0x107454,35,0xf5fc
4G0907379_0190,0xf7e7c,4G0907379H_0361,0x107478,35,0xf5fc
4G0907379_0190,0xf7f2c,4G0907379H_0361,0x107532,35,0xf606
4G0907379_0190,0xf940c,4G0907379H_0361,0x108ab0,35,0xf6a4
4G0907379_0190,0xfab76,4G0907379H_0361,0x10a552,35,0xf9dc
4G0907379_0190,0xfaed0,4G0907379H_0361,0x10a8b0,35,0xf9e0
4G0907379_0190,0xfaf00,4G0907379H_0361,0x10a8e2,35,0xf9e2
4G0907379_0190,0xfb22c,4G0907379H_0361,0x10ac0c,35,0xf9e0
4G0907379_0190,0xff0e4,4G0907379H_0361,0x1108a8,35,0x117c4
4G0907379_0190,0xff212,4G0907379H_0361,0x1109d6,35,0x117c4
4G0907379_0190,0xffbd6,4G0907379H_0361,0x10f7d6,35,0xfc00
4G0907379_0190,0x100384,4G0907379H_0361,0x10ffa2,35,0xfc1e
4G0907379_0190,0x103918,4G0907379H_0361,0x12861a,35,0x24d02
4G0907379_0190,0x10397a,4G0907379H_0361,0x1286e2,35,0x24d68
4G0907379_0190,0x106953,4G0907379H_0361,0x1172eb,35,0x10998
4G0907379_0190,0x106b4e,4G0907379H_0361,0x1174e4,35,0x10996
4G0907379_0190,0x107960,4G0907379H_0361,0x114e8c,35,0xd52c
4G0907379_0190,0x10bf7a,4G0907379H_0361,0x11bf24,35,0xffaa
4G0907379_0190,0x10c180,4G0907379H_0361,0x11c12c,35,0xffac
4G0907379_0190,0x10d69a,4G0907379H_0361,0x11dce2,35,0x10648
4G0907379_0190,0x10d950,4G0907379H_0361,0x11df98,35,0x10648
4G0907379_0190,0x10dbec,4G0907379H_0361,0x120588,35,0x1299c
4G0907379_0190,0x10e5f2,4G0907379H_0361,0x11fe72,35,0x11880
4G0907379_0190,0x10ffe2,4G0907379H_0361,0x121906,35,0x11924
4G0907379_0190,0x111396,4G0907379H_0361,0x12326a,35,0x11ed4
4G0907379_0190,0x111cfe,4G0907379H_0361,0x12bd9e,35,0x1a0a0
4G0907379_0190,0x111d5e,4G0907379H_0361,0x12be02,35,0x1a0a4
4G0907379_0190,0x112a64,4G0907379H_0361,0x123f10,35,0x114ac
4G0907379_0190,0x1137e0,4G0907379H_0361,0x124788,35,0x10fa8
4G0907379_0190,0x116026,4G0907379H_0361,0x12757e,35,0x11558
4G0907379_0190,0x1194b0,4G0907379H_0361,0x12954c,35,0x1009c
4G0907379_0190,0x1198dc,4G0907379H_0361,0x12a580,35,0x10ca4
4G0907379_0190,0x119de0,4G0907379H_0361,0x12ba2c,35,0x11c4c
4G0907379_0190,0x11b2d6,4G0907379H_0361,0x12d676,35,0x123a0
4G0907379_0190,0x11be9a,4G0907379H_0361,0x12f56e,35,0x136d4
4G0907379_0190,0x11c558,4G0907379H_0361,0x12df38,35,0x119e0
4G0907379_0190,0x11e006,4G0907379H_0361,0x12faee,35,0x11ae8
4G0907379_0190,0x11ea98,4G0907379H_0361,0x133fce,35,0x15536
4G0907379_0190,0x11effc,4G0907379H_0361,0x1313e0,35,0x123e4
4G0907379_0190,0x120400,4G0907379H_0361,0x13251c,35,0x1211c
4G0907379_0190,0x1222b8,4G0907379H_0361,0x134f98,35,0x12ce0
4G0907379_0190,0x125da8,4G0907379H_0361,0x138010,35,0x12268
4G0907379_0190,0x1267d6,4G0907379H_0361,0x13885a,35,0x12084
4G0907379_0190,0x129884,4G0907379H_0361,0x13b750,35,0x11ecc
4G0907379_0190,0x129f00,4G0907379H_0361,0x13c624,35,0x12724
4G0907379_0190,0x12dd44,4G0907379H_0361,0x13fbfc,35,0x11eb8
4G0907379_0190,0x12eb98,4G0907379H_0361,0x14188c,35,0x12cf4
4G0907379_0190,0x130386,4G0907379H_0361,0x142c9e,35,0x12918
4G0907379_0190,0x1305ce,4G0907379H_0361,0x142ee6,35,0x12918
4G0907379_0190,0x13131c,4G0907379H_0361,0x143fdc,35,0x12cc0
4G0907379_0190,0x133d74,4G0907379H_0361,0x146928,35,0x12bb4
4G0907379_0190,0x135538,4G0907379H_0361,0x147fd8,35,0x12aa0
4G0907379_0190,0x1360c8,4G0907379H_0361,0x148a70,35,0x129a8
4G0907379_0190,0x13684a,4G0907379H_0361,0x1492d2,35,0x12a88
4G0907379_0190,0x1378d1,4G0907379H_0361,0x14a471,35,0x12ba0
4G0907379_0190,0x137c0a,4G0907379H_0361,0x14a7ea,35,0x12be0
4G0907379_0190,0x140f7e,4G0907379H_0361,0x1646c8,35,0x2374a
4G0907379_0190,0x1417ba,4G0907379H_0361,0x1648b2,35,0x230f8
4G0907379_0190,0x148646,4G0907379H_0361,0x164f78,35,0x1c932
4G0907379_0190,0x148a84,4G0907379H_0361,0x164ff4,35,0x1c570
4G0907379_0190,0x1537ae,4G0907379H_0361,0x168754,35,0x14fa6
4G0907379_0190,0x1537f6,4G0907379H_0361,0x16879c,35,0x14fa6
4G0907379_0190,0x153a8c,4G0907379H_0361,0x1688b0,35,0x14e24
4G0907379_0190,0x153aa4,4G0907379H_0361,0x1688c8,35,0x14e24
4G0907379_0190,0x15e662,4G0907379H_0361,0x1690de,35,0xaa7c
4G0907379_0190,0x15fb08,4G0907379H_0361,0x17fdec,35,0x202e4
4G0907379_0190,0x1618fc,4G0907379H_0361,0x169928,35,0x802c
4G0907379_0190,0x161d84,4G0907379H_0361,0x169be0,35,0x7e5c
4G0907379_0190,0x162a64,4G0907379H_0361,0x16af18,35,0x84b4
4G0907379_0190,0x162b4c,4G0907379H_0361,0x16af52,35,0x8406
4G0907379_0190,0x162eec,4G0907379H_0361,0x16afc6,35,0x80da
4G0907379_0190,0xde1de,4G0907379H_0361,0xed8ca,34,0xf6ec
4G0907379_0190,0xe4dba,4G0907379H_0361,0xf62a2,34,0x114e8
4G0907379_0190,0xe6277,4G0907379H_0361,0xf773f,34,0x114c8
4G0907379_0190,0xe6859,4G0907379H_0361,0xf7cf9,34,0x114a0
4G0907379_0190,0xf06f4,4G0907379H_0361,0xffc0c,34,0xf518
4G0907379_0190,0xf0f6c,4G0907379H_0361,0xfee00,34,0xde94
4G0907379_0190,0xf0f80,4G0907379H_0361,0xfee14,34,0xde94
4G0907379_0190,0xf1b30,4G0907379H_0361,0x105600,34,0x13ad0
4G0907379_0190,0xf2328,4G0907379H_0361,0x10624c,34,0x13f24
4G0907379_0190,0xf2e59,4G0907379H_0361,0x1005bd,34,0xd764
4G0907379_0190,0xf4818,4G0907379H_0361,0x101cf0,34,0xd4d8
4G0907379_0190,0xf4c30,4G0907379H_0361,0x1023f0,34,0xd7c0
4G0907379_0190,0xf51a0,4G0907379H_0361,0x102474,34,0xd2d4
4G0907379_0190,0xf5480,4G0907379H_0361,0x102bb0,34,0xd730
4G0907379_0190,0xf60a4,4G0907379H_0361,0x103798,34,0xd6f4
4G0907379_0190,0xf649d,4G0907379H_0361,0x103c21,34,0xd784
4G0907379_0190,0xf6a44,4G0907379H_0361,0x10428c,34,0xd848
4G0907379_0190,0xf6ecc,4G0907379H_0361,0x104828,34,0xd95c
4G0907379_0190,0xf94a8,4G0907379H_0361,0x108b4c,34,0xf6a4
4G0907379_0190,0xf94cc,4G0907379H_0361,0x108b70,34,0xf6a4
4G0907379_0190,0xf94f0,4G0907379H_0361,0x108b94,34,0xf6a4
4G0907379_0190,0xf9514,4G0907379H_0361,0x108bb8,34,0xf6a4
4G0907379_0190,0xf9538,4G0907379H_0361,0x108bdc,34,0xf6a4
4G0907379_0190,0xf955c,4G0907379H_0361,0x108c00,34,0xf6a4
4G0907379_0190,0xfb457,4G0907379H_0361,0x10ae37,34,0xf9e0
4G0907379_0190,0xfd434,4G0907379H_0361,0x10bdb2,34,0xe97e
4G0907379_0190,0xfefbd,4G0907379H_0361,0x110781,34,0x117c4
4G0907379_0190,0x100dbd,4G0907379H_0361,0x10f13d,34,0xe380
4G0907379_0190,0x101c64,4G0907379H_0361,0x11183c,34,0xfbd8
4G0907379_0190,0x10204c,4G0907379H_0361,0x11138c,34,0xf340
4G0907379_0190,0x104700,4G0907379H_0361,0x115b94,34,0x11494
4G0907379_0190,0x106cc4,4G0907379H_0361,0x1166ac,34,0xf9e8
4G0907379_0190,0x106d5c,4G0907379H_0361,0x116744,34,0xf9e8
4G0907379_0190,0x10857a,4G0907379H_0361,0x119df6,34,0x1187c
4G0907379_0190,0x10d433,4G0907379H_0361,0x11d3e7,34,0xffb4
4G0907379_0190,0x11035b,4G0907379H_0361,0x12221f,34,0x11ec4
4G0907379_0190,0x11118e,4G0907379H_0361,0x123062,34,0x11ed4
4G0907379_0190,0x1111f6,4G0907379H_0361,0x1230ca,34,0x11ed4
4G0907379_0190,0x1112e8,4G0907379H_0361,0x1231bc,34,0x11ed4
4G0907379_0190,0x113886,4G0907379H_0361,0x12482e,34,0x10fa8
4G0907379_0190,0x1170b2,4G0907379H_0361,0x12817a,34,0x110c8
4G0907379_0190,0x11df88,4G0907379H_0361,0x12fa54,34,0x11acc
4G0907379_0190,0x120a16,4G0907379H_0361,0x132b2e,34,0x12118
4G0907379_0190,0x1273b4,4G0907379H_0361,0x139f7e,34,0x12bca
4G0907379_0190,0x1277a4,4G0907379H_0361,0x13a36c,34,0x12bc8
4G0907379_0190,0x128570,4G0907379H_0361,0x13b2ec,34,0x12d7c
4G0907379_0190,0x128998,4G0907379H_0361,0x13c100,34,0x13768
4G0907379_0190,0x128ae4,4G0907379H_0361,0x13ae5c,34,0x12378
4G0907379_0190,0x12b0a2,4G0907379H_0361,0x13e16e,34,0x130cc
4G0907379_0190,0x12d101,4G0907379H_0361,0x13f955,34,0x12854
4G0907379_0190,0x12d5de,4G0907379H_0361,0x13f800,34,0x12222
4G0907379_0190,0x12e9f8,4G0907379H_0361,0x1416ec,34,0x12cf4
4G0907379_0190,0x130b64,4G0907379H_0361,0x143570,34,0x12a0c
4G0907379_0190,0x132d04,4G0907379H_0361,0x1456c8,34,0x129c4
4G0907379_0190,0x1330e4,4G0907379H_0361,0x145aa8,34,0x129c4
4G0907379_0190,0x135d88,4G0907379H_0361,0x148f80,34,0x131f8
4G0907379_0190,0x13699c,4G0907379H_0361,0x149424,34,0x12a88
4G0907379_0190,0x137530,4G0907379H_0361,0x14a08c,34,0x12b5c
4G0907379_0190,0x13c764,4G0907379H_0361,0x162a3a,34,0x262d6
4G0907379_0190,0x13cb08,4G0907379H_0361,0x162aea,34,0x25fe2
4G0907379_0190,0x13edc7,4G0907379H_0361,0x163a5f,34,0x24c98
4G0907379_0190,0x147c96,4G0907379H_0361,0x164cb6,34,0x1d020
4G0907379_0190,0x149821,4G0907379H_0361,0x165237,34,0x1ba16
4G0907379_0190,0x14cf97,4G0907379H_0361,0x165ed3,34,0x18f3c
4G0907379_0190,0x14fe35,4G0907379H_0361,0x166ec3,34,0x1708e
4G0907379_0190,0x150b7c,4G0907379H_0361,0x16708e,34,0x16512
4G0907379_0190,0x152ab4,4G0907379H_0361,0x16827e,34,0x157ca
4G0907379_0190,0x15381a,4G0907379H_0361,0x1687c0,34,0x14fa6
4G0907379_0190,0x1619e5,4G0907379H_0361,0x169a11,34,0x802c
4G0907379_0190,0x161ee1,4G0907379H_0361,0x169cc9,34,0x7de8
4G0907379_0190,0x164e6a,4G0907379H_0361,0x170798,34,0xb92e
4G0907379_0190,0x1657c4,4G0907379H_0361,0x17070a,34,0xaf46
4G0907379_0190,0x16658d,4G0907379H_0361,0x170dcd,34,0xa840
4G0907379_0190,0x16cbc0,4G0907379H_0361,0x169e6a,34,-0x2d56
4G0907379_0190,0xda72a,4G0907379H_0361,0xe8470,33,0xdd46
4G0907379_0190,0xdaa06,4G0907379H_0361,0xe8752,33,0xdd4c
4G0907379_0190,0xdd507,4G0907379H_0361,0xeb8ff,33,0xe3f8
4G0907379_0190,0xdd52d,4G0907379H_0361,0xeb925,33,0xe3f8
4G0907379_0190,0xde0b8,4G0907379H_0361,0xecdfe,33,0xed46
4G0907379_0190,0xdf3a0,4G0907379H_0361,0xed848,33,0xe4a8
4G0907379_0190,0xe1058,4G0907379H_0361,0xf2414,33,0x113bc
4G0907379_0190,0xe6d18,4G0907379H_0361,0xf819c,33,0x11484
4G0907379_0190,0xe737b,4G0907379H_0361,0xf87ef,33,0x11474
4G0907379_0190,0xecf0a,4G0907379H_0361,0xfd6b6,33,0x107ac
4G0907379_0190,0xed4ea,4G0907379H_0361,0xfdc92,33,0x107a8
4G0907379_0190,0xf29ac,4G0907379H_0361,0x1051ec,33,0x12840
4G0907379_0190,0xf29d0,4G0907379H_0361,0x105210,33,0x12840
4G0907379_0190,0xf7c7c,4G0907379H_0361,0x10726e,33,0xf5f2
4G0907379_0190,0xfac1e,4G0907379H_0361,0x10a5fc,33,0xf9de
4G0907379_0190,0xfca40,4G0907379H_0361,0x10d474,33,0x10a34
4G0907379_0190,0xfef73,4G0907379H_0361,0x110737,33,0x117c4
4G0907379_0190,0xff052,4G0907379H_0361,0x110816,33,0x117c4
4G0907379_0190,0xffb24,4G0907379H_0361,0x10f724,33,0xfc00
4G0907379_0190,0x1001e4,4G0907379H_0361,0x10fdfa,33,0xfc16
4G0907379_0190,0x101fd0,4G0907379H_0361,0x111420,33,0xf450
4G0907379_0190,0x1045b2,4G0907379H_0361,0x115a46,33,0x11494
4G0907379_0190,0x108812,4G0907379H_0361,0x11a04a,33,0x11838
4G0907379_0190,0x108b54,4G0907379H_0361,0x1181dc,33,0xf688
4G0907379_0190,0x108dd2,4G0907379H_0361,0x11845a,33,0xf688
4G0907379_0190,0x10bdbe,4G0907379H_0361,0x11bd62,33,0xffa4
4G0907379_0190,0x10c2ec,4G0907379H_0361,0x11c28c,33,0xffa0
4G0907379_0190,0x10d2d4,4G0907379H_0361,0x11d288,33,0xffb4
4G0907379_0190,0x10ddb4,4G0907379H_0361,0x120750,33,0x1299c
4G0907379_0190,0x10e132,4G0907379H_0361,0x11f9b2,33,0x11880
4G0907379_0190,0x10e93e,4G0907379H_0361,0x1262b2,33,0x17974
4G0907379_0190,0x10fa0a,4G0907379H_0361,0x121e18,33,0x1240e
4G0907379_0190,0x1129ec,4G0907379H_0361,0x123e98,33,0x114ac
4G0907379_0190,0x117fbe,4G0907379H_0361,0x12c6be,33,0x14700
4G0907379_0190,0x1182b8,4G0907379H_0361,0x12ab30,33,0x12878
4G0907379_0190,0x1183f6,4G0907379H_0361,0x12ac6e,33,0x12878
4G0907379_0190,0x11887e,4G0907379H_0361,0x12950e,33,0x10c90
4G0907379_0190,0x1196ee,4G0907379H_0361,0x1297a2,33,0x100b4
4G0907379_0190,0x119900,4G0907379H_0361,0x12a5a4,33,0x10ca4
4G0907379_0190,0x11afe0,4G0907379H_0361,0x127d84,33,0xcda4
4G0907379_0190,0x11bd5a,4G0907379H_0361,0x12f44e,33,0x136f4
4G0907379_0190,0x11d4dd,4G0907379H_0361,0x12f275,33,0x11d98
4G0907379_0190,0x11e090,4G0907379H_0361,0x12fb78,33,0x11ae8
4G0907379_0190,0x11ef42,4G0907379H_0361,0x131326,33,0x123e4
4G0907379_0190,0x12148e,4G0907379H_0361,0x133096,33,0x11c08
4G0907379_0190,0x121a72,4G0907379H_0361,0x135bec,33,0x1417a
4G0907379_0190,0x12243a,4G0907379H_0361,0x133238,33,0x10dfe
4G0907379_0190,0x124d82,4G0907379H_0361,0x13627a,33,0x114f8
4G0907379_0190,0x1287b0,4G0907379H_0361,0x13bbd4,33,0x13424
4G0907379_0190,0x12b360,4G0907379H_0361,0x13c8e0,33,0x11580
4G0907379_0190,0x12ce82,4G0907379H_0361,0x13f1b0,33,0x1232e
4G0907379_0190,0x12f416,4G0907379H_0361,0x142536,33,0x13120
4G0907379_0190,0x133f20,4G0907379H_0361,0x146b70,33,0x12c50
4G0907379_0190,0x134148,4G0907379H_0361,0x146e2c,33,0x12ce4
4G0907379_0190,0x135582,4G0907379H_0361,0x148022,33,0x12aa0
4G0907379_0190,0x136454,4G0907379H_0361,0x148dfc,33,0x129a8
4G0907379_0190,0x137f70,4G0907379H_0361,0x14aaf0,33,0x12b80
4G0907379_0190,0x13c1bf,4G0907379H_0361,0x16518b,33,0x28fcc
4G0907379_0190,0x13e6d5,4G0907379H_0361,0x16384d,33,0x25178
4G0907379_0190,0x141fe2,4G0907379H_0361,0x1649c2,33,0x229e0
4G0907379_0190,0x149f56,4G0907379H_0361,0x165366,33,0x1b410
4G0907379_0190,0x14b08d,4G0907379H_0361,0x1656cf,33,0x1a642
4G0907379_0190,0x14d40d,4G0907379H_0361,0x1660a1,33,0x18c94
4G0907379_0190,0x14dd7a,4G0907379H_0361,0x166422,33,0x186a8
4G0907379_0190,0x1503fc,4G0907379H_0361,0x166fc8,33,0x16bcc
4G0907379_0190,0x1513f8,4G0907379H_0361,0x16720c,33,0x15e14
4G0907379_0190,0x152902,4G0907379H_0361,0x16818c,33,0x1588a
4G0907379_0190,0x1530b0,4G0907379H_0361,0x1632c4,33,0x10214
4G0907379_0190,0x15fb2c,4G0907379H_0361,0x17fe10,33,0x202e4
4G0907379_0190,0x171ef7,4G0907379H_0361,0x16e4f1,33,-0x3a06
4G0907379_0190,0x172ad8,4G0907379H_0361,0x16e780,33,-0x4358
4G0907379_0190,0x172be6,4G0907379H_0361,0x16e792,33,-0x4454
4G0907379_0190,0x17364c,4G0907379H_0361,0x16e868,33,-0x4de4
4G0907379_0190,0x1738e6,4G0907379H_0361,0x16e89e,33,-0x5048
4G0907379_0190,0x179df8,4G0907379H_0361,0x16f7b8,33,-0xa640
4G0907379_0190,0x17cf2c,4G0907379H_0361,0x17e098,33,0x116c
4G0907379_0190,0xdc8bc,4G0907379H_0361,0xea9e2,32,0xe126
4G0907379_0190,0xe0397,4G0907379H_0361,0xf1753,32,0x113bc
4G0907379_0190,0xe03b3,4G0907379H_0361,0xf176f,32,0x113bc
4G0907379_0190,0xe03df,4G0907379H_0361,0xf179b,32,0x113bc
4G0907379_0190,0xe03f7,4G0907379H_0361,0xf17b3,32,0x113bc
4G0907379_0190,0xe0433,4G0907379H_0361,0xf17ef,32,0x113bc
4G0907379_0190,0xe085f,4G0907379H_0361,0xf1c1b,32,0x113bc
4G0907379_0190,0xe08ff,4G0907379H_0361,0xf1cbb,32,0x113bc
4G0907379_0190,0xe09b3,4G0907379H_0361,0xf1d6f,32,0x113bc
4G0907379_0190,0xe0a2f,4G0907379H_0361,0xf1deb,32,0x113bc
4G0907379_0190,0xe0c1b,4G0907379H_0361,0xf1fd7,32,0x113bc
4G0907379_0190,0xe0f3b,4G0907379H_0361,0xf22f7,32,0x113bc
4G0907379_0190,0xe0f4f,4G0907379H_0361,0xf230b,32,0x113bc
4G0907379_0190,0xe11c3,4G0907379H_0361,0xf257f,32,0x113bc
4G0907379_0190,0xe120b,4G0907379H_0361,0xf25c7,32,0x113bc
4G0907379_0190,0xe1223,4G0907379H_0361,0xf25df,32,0x113bc
4G0907379_0190,0xe12a3,4G0907379H_0361,0xf265f,32,0x113bc
4G0907379_0190,0xe133f,4G0907379H_0361,0xf26fb,32,0x113bc
4G0907379_0190,0xe1353,4G0907379H_0361,0xf270f,32,0x113bc
4G0907379_0190,0xe13ab,4G0907379H_0361,0xf2767,32,0x113bc
4G0907379_0190,0xe13ef,4G0907379H_0361,0xf27ab,32,0x113bc
4G0907379_0190,0xe1407,4G0907379H_0361,0xf27c3,32,0x113bc
4G0907379_0190,0xe14bb,4G0907379H_0361,0xf2877,32,0x113bc
4G0907379_0190,0xe14d3,4G0907379H_0361,0xf288f,32,0x113bc
4G0907379_0190,0xe15f7,4G0907379H_0361,0xf29b3,32,0x113bc
4G0907379_0190,0xe160b,4G0907379H_0361,0xf29c7,32,0x113bc
4G0907379_0190,0xe17fb,4G0907379H_0361,0xf2bb7,32,0x113bc
4G0907379_0190,0xe1813,4G0907379H_0361,0xf2bcf,32,0x113bc
4G0907379_0190,0xe1933,4G0907379H_0361,0xf2cef,32,0x113bc
4G0907379_0190,0xe1a07,4G0907379H_0361,0xf2dc3,32,0x113bc
4G0907379_0190,0xe1a1f,4G0907379H_0361,0xf2ddb,32,0x113bc
4G0907379_0190,0xe1c17,4G0907379H_0361,0xf2fd3,32,0x113bc
4G0907379_0190,0xe1c2b,4G0907379H_0361,0xf2fe7,32,0x113bc
4G0907379_0190,0xe1ceb,4G0907379H_0361,0xf30a7,32,0x113bc
4G0907379_0190,0xe1d03,4G0907379H_0361,0xf30bf,32,0x113bc
4G0907379_0190,0xe1e93,4G0907379H_0361,0xf324f,32,0x113bc
4G0907379_0190,0xe1ea7,4G0907379H_0361,0xf3263,32,0x113bc
4G0907379_0190,0xe1f97,4G0907379H_0361,0xf3353,32,0x113bc
4G0907379_0190,0xe21af,4G0907379H_0361,0xf356b,32,0x113bc
4G0907379_0190,0xe21c3,4G0907379H_0361,0xf357f,32,0x113bc
4G0907379_0190,0xe21ef,4G0907379H_0361,0xf35ab,32,0x113bc
4G0907379_0190,0xe243f,4G0907379H_0361,0xf37fb,32,0x113bc
4G0907379_0190,0xe2487,4G0907379H_0361,0xf3843,32,0x113bc
4G0907379_0190,0xe249f,4G0907379H_0361,0xf385b,32,0x113bc
4G0907379_0190,0xe251f,4G0907379H_0361,0xf38db,32,0x113bc
4G0907379_0190,0xe25bb,4G0907379H_0361,0xf3977,32,0x113bc
4G0907379_0190,0xe25cf,4G0907379H_0361,0xf398b,32,0x113bc
4G0907379_0190,0xe2623,4G0907379H_0361,0xf39df,32,0x113bc
4G0907379_0190,0xe2667,4G0907379H_0361,0xf3a23,32,0x113bc
4G0907379_0190,0xe267f,4G0907379H_0361,0xf3a3b,32,0x113bc
4G0907379_0190,0xe2733,4G0907379H_0361,0xf3aef,32,0x113bc
4G0907379_0190,0xe274b,4G0907379H_0361,0xf3b07,32,0x113bc
4G0907379_0190,0xe27cf,4G0907379H_0361,0xf3b8b,32,0x113bc
4G0907379_0190,0xe286f,4G0907379H_0361,0xf3c2b,32,0x113bc
4G0907379_0190,0xe291f,4G0907379H_0361,0xf3cdb,32,0x113bc
4G0907379_0190,0xe2937,4G0907379H_0361,0xf3cf3,32,0x113bc
4G0907379_0190,0xe2a8a,4G0907379H_0361,0xf3e42,32,0x113b8
4G0907379_0190,0xe59c0,4G0907379H_0361,0xf6ea8,32,0x114e8
4G0907379_0190,0xe6252,4G0907379H_0361,0xf7716,32,0x114c4
4G0907379_0190,0xe6358,4G0907379H_0361,0xf7820,32,0x114c8
4G0907379_0190,0xe6729,4G0907379H_0361,0xf7bdf,32,0x114b6
4G0907379_0190,0xe6881,4G0907379H_0361,0xf7d21,32,0x114a0
4G0907379_0190,0xf32e3,4G0907379H_0361,0x10082f,32,0xd54c
4G0907379_0190,0xf3303,4G0907379H_0361,0x1009a7,32,0xd6a4
4G0907379_0190,0xf5218,4G0907379H_0361,0x1024ec,32,0xd2d4
4G0907379_0190,0xfcca4,4G0907379H_0361,0x10d6c4,32,0x10a20
4G0907379_0190,0x1009c8,4G0907379H_0361,0x10f12c,32,0xe764
4G0907379_0190,0x10156c,4G0907379H_0361,0x111a7c,32,0x10510
4G0907379_0190,0x101b58,4G0907379H_0361,0x1117e0,32,0xfc88
4G0907379_0190,0x1039df,4G0907379H_0361,0x128747,32,0x24d68
4G0907379_0190,0x104625,4G0907379H_0361,0x115ab9,32,0x11494
4G0907379_0190,0x1068c6,4G0907379H_0361,0x11725e,32,0x10998
4G0907379_0190,0x1079dc,4G0907379H_0361,0x114f18,32,0xd53c
4G0907379_0190,0x10cada,4G0907379H_0361,0x11ca90,32,0xffb6
4G0907379_0190,0x10e046,4G0907379H_0361,0x1209c6,32,0x12980
4G0907379_0190,0x10fe76,4G0907379H_0361,0x121786,32,0x11910
4G0907379_0190,0x11dee3,4G0907379H_0361,0x12f9b3,32,0x11ad0
4G0907379_0190,0x11e101,4G0907379H_0361,0x12fbe9,32,0x11ae8
4G0907379_0190,0x11f024,4G0907379H_0361,0x131408,32,0x123e4
4G0907379_0190,0x125776,4G0907379H_0361,0x13669a,32,0x10f24
4G0907379_0190,0x12a6db,4G0907379H_0361,0x13cc8b,32,0x125b0
4G0907379_0190,0x12c51e,4G0907379H_0361,0x14043a,32,0x13f1c
4G0907379_0190,0x12d844,4G0907379H_0361,0x13fe34,32,0x125f0
4G0907379_0190,0x130330,4G0907379H_0361,0x142c48,32,0x12918
4G0907379_0190,0x1311f6,4G0907379H_0361,0x1431be,32,0x11fc8
4G0907379_0190,0x134108,4G0907379H_0361,0x146dec,32,0x12ce4
4G0907379_0190,0x135fc6,4G0907379H_0361,0x1488fe,32,0x12938
4G0907379_0190,0x136636,4G0907379H_0361,0x149126,32,0x12af0
4G0907379_0190,0x137a00,4G0907379H_0361,0x14a620,32,0x12c20
4G0907379_0190,0x13b8d0,4G0907379H_0361,0x16272c,32,0x26e5c
4G0907379_0190,0x13d49e,4G0907379H_0361,0x162c28,32,0x2578a
4G0907379_0190,0x13e3a9,4G0907379H_0361,0x163789,32,0x253e0
4G0907379_0190,0x13e4f3,4G0907379H_0361,0x1637cb,32,0x252d8
4G0907379_0190,0x1419ca,4G0907379H_0361,0x1648e6,32,0x22f1c
4G0907379_0190,0x141cff,4G0907379H_0361,0x164953,32,0x22c54
4G0907379_0190,0x142d3f,4G0907379H_0361,0x168acb,32,0x25d8c
4G0907379_0190,0x14c3e2,4G0907379H_0361,0x16596c,32,0x1958a
4G0907379_0190,0x14e31b,4G0907379H_0361,0x166593,32,0x18278
4G0907379_0190,0x14e64e,4G0907379H_0361,0x163466,32,0x14e18
4G0907379_0190,0x14fc76,4G0907379H_0361,0x166e90,32,0x1721a
4G0907379_0190,0x150724,4G0907379H_0361,0x16701a,32,0x168f6
4G0907379_0190,0x151894,4G0907379H_0361,0x167286,32,0x159f2
4G0907379_0190,0x153906,4G0907379H_0361,0x168802,32,0x14efc
4G0907379_0190,0x15e8d2,4G0907379H_0361,0x169136,32,0xa864
4G0907379_0190,0xdde1c,4G0907379H_0361,0xec210,31,0xe3f4
4G0907379_0190,0xdde44,4G0907379H_0361,0xec238,31,0xe3f4
4G0907379_0190,0xde6b4,4G0907379H_0361,0xecb68,31,0xe4b4
4G0907379_0190,0xdeb6c,4G0907379H_0361,0xecfc0,31,0xe454
4G0907379_0190,0xe01d8,4G0907379H_0361,0xf1594,31,0x113bc
4G0907379_0190,0xe01ec,4G0907379H_0361,0xf15a8,31,0x113bc
4G0907379_0190,0xe0278,4G0907379H_0361,0xf1634,31,0x113bc
4G0907379_0190,0xe02b8,4G0907379H_0361,0xf1674,31,0x113bc
4G0907379_0190,0xe02e4,4G0907379H_0361,0xf16a0,31,0x113bc
4G0907379_0190,0xe02f8,4G0907379H_0361,0xf16b4,31,0x113bc
4G0907379_0190,0xe0310,4G0907379H_0361,0xf16cc,31,0x113bc
4G0907379_0190,0xe0334,4G0907379H_0361,0xf16f0,31,0x113bc
4G0907379_0190,0xe0360,4G0907379H_0361,0xf171c,31,0x113bc
4G0907379_0190,0xe08e8,4G0907379H_0361,0xf1ca4,31,0x113bc
4G0907379_0190,0xe0914,4G0907379H_0361,0xf1cd0,31,0x113bc
4G0907379_0190,0xe0a14,4G0907379H_0361,0xf1dd0,31,0x113bc
4G0907379_0190,0xe0a74,4G0907379H_0361,0xf1e30,31,0x113bc
4G0907379_0190,0xe0a8c,4G0907379H_0361,0xf1e48,31,0x113bc
4G0907379_0190,0xe0c30,4G0907379H_0361,0xf1fec,31,0x113bc
4G0907379_0190,0xe0c88,4G0907379H_0361,0xf2044,31,0x113bc
4G0907379_0190,0xe0d24,4G0907379H_0361,0xf20e0,31,0x113bc
4G0907379_0190,0xe0d38,4G0907379H_0361,0xf20f4,31,0x113bc
4G0907379_0190,0xe0e78,4G0907379H_0361,0xf2234,31,0x113bc
4G0907379_0190,0xe1474,4G0907379H_0361,0xf2830,31,0x113bc
4G0907379_0190,0xe1558,4G0907379H_0361,0xf2914,31,0x113bc
4G0907379_0190,0xe1638,4G0907379H_0361,0xf29f4,31,0x113bc
4G0907379_0190,0xe1660,4G0907379H_0361,0xf2a1c,31,0x113bc
4G0907379_0190,0xe16a4,4G0907379H_0361,0xf2a60,31,0x113bc
4G0907379_0190,0xe16bc,4G0907379H_0361,0xf2a78,31,0x113bc
4G0907379_0190,0xe1728,4G0907379H_0361,0xf2ae4,31,0x113bc
4G0907379_0190,0xe17b4,4G0907379H_0361,0xf2b70,31,0x113bc
4G0907379_0190,0xe1898,4G0907379H_0361,0xf2c54,31,0x113bc
4G0907379_0190,0xe1948,4G0907379H_0361,0xf2d04,31,0x113bc
4G0907379_0190,0xe19c4,4G0907379H_0361,0xf2d80,31,0x113bc
4G0907379_0190,0xe1a90,4G0907379H_0361,0xf2e4c,31,0x113bc
4G0907379_0190,0xe1ad8,4G0907379H_0361,0xf2e94,31,0x113bc
4G0907379_0190,0xe1af0,4G0907379H_0361,0xf2eac,31,0x113bc
4G0907379_0190,0xe1b78,4G0907379H_0361,0xf2f34,31,0x113bc
4G0907379_0190,0xe1ca8,4G0907379H_0361,0xf3064,31,0x113bc
4G0907379_0190,0xe1d89,4G0907379H_0361,0xf3145,31,0x113bc
4G0907379_0190,0xe1efc,4G0907379H_0361,0xf32b8,31,0x113bc
4G0907379_0190,0xe1fac,4G0907379H_0361,0xf3368,31,0x113bc
4G0907379_0190,0xe1ffc,4G0907379H_0361,0xf33b8,31,0x113bc
4G0907379_0190,0xe210c,4G0907379H_0361,0xf34c8,31,0x113bc
4G0907379_0190,0xe2204,4G0907379H_0361,0xf35c0,31,0x113bc
4G0907379_0190,0xe2220,4G0907379H_0361,0xf35dc,31,0x113bc
4G0907379_0190,0xe2324,4G0907379H_0361,0xf36e0,31,0x113bc
4G0907379_0190,0xe26ec,4G0907379H_0361,0xf3aa8,31,0x113bc
4G0907379_0190,0xe2884,4G0907379H_0361,0xf3c40,31,0x113bc
4G0907379_0190,0xe28dc,4G0907379H_0361,0xf3c98,31,0x113bc
4G0907379_0190,0xe4fb0,4G0907379H_0361,0xf6494,31,0x114e4
4G0907379_0190,0xe589c,4G0907379H_0361,0xf6d88,31,0x114ec
4G0907379_0190,0xe604a,4G0907379H_0361,0xf7512,31,0x114c8
4G0907379_0190,0xe60da,4G0907379H_0361,0xf759c,31,0x114c2
4G0907379_0190,0xe6218,4G0907379H_0361,0xf76d8,31,0x114c0
4G0907379_0190,0xe6b98,4G0907379H_0361,0xf8024,31,0x1148c
4G0907379_0190,0xe6bc6,4G0907379H_0361,0xf8052,31,0x1148c
4G0907379_0190,0xe6eab,4G0907379H_0361,0xf8321,31,0x11476
4G0907379_0190,0xed8f4,4G0907379H_0361,0xfe09c,31,0x107a8
4G0907379_0190,0xefca8,4G0907379H_0361,0xfea40,31,0xed98
4G0907379_0190,0xf0580,4G0907379H_0361,0xffa84,31,0xf504
4G0907379_0190,0xf1e47,4G0907379H_0361,0x105d6f,31,0x13f28
4G0907379_0190,0xf24a0,4G0907379H_0361,0x1063bc,31,0x13f1c
4G0907379_0190,0xf27cc,4G0907379H_0361,0x1059a8,31,0x131dc
4G0907379_0190,0xf2d5c,4G0907379H_0361,0x1004c0,31,0xd764
4G0907379_0190,0xf2df0,4G0907379H_0361,0x100554,31,0xd764
4G0907379_0190,0xf2e0c,4G0907379H_0361,0x100570,31,0xd764
4G0907379_0190,0xf2eb0,4G0907379H_0361,0x100614,31,0xd764
4G0907379_0190,0xf2ecc,4G0907379H_0361,0x100630,31,0xd764
4G0907379_0190,0xf2ee8,4G0907379H_0361,0x10064c,31,0xd764
4G0907379_0190,0xf2f04,4G0907379H_0361,0x100668,31,0xd764
4G0907379_0190,0xf2f20,4G0907379H_0361,0x100684,31,0xd764
4G0907379_0190,0xf2f3c,4G0907379H_0361,0x1006a0,31,0xd764
4G0907379_0190,0xf2f58,4G0907379H_0361,0x1006bc,31,0xd764
4G0907379_0190,0xf30ac,4G0907379H_0361,0x100750,31,0xd6a4
4G0907379_0190,0xf314c,4G0907379H_0361,0x1009e8,31,0xd89c
4G0907379_0190,0xf316c,4G0907379H_0361,0x100a08,31,0xd89c
4G0907379_0190,0xf3284,4G0907379H_0361,0x1008f0,31,0xd66c
4G0907379_0190,0xf32a4,4G0907379H_0361,0x100910,31,0xd66c
4G0907379_0190,0xf3324,4G0907379H_0361,0x100870,31,0xd54c
4G0907379_0190,0xf3364,4G0907379H_0361,0x100a28,31,0xd6c4
4G0907379_0190,0xf3384,4G0907379H_0361,0x100a68,31,0xd6e4
4G0907379_0190,0xf33a4,4G0907379H_0361,0x100aa8,31,0xd704
4G0907379_0190,0xf347c,4G0907379H_0361,0x100b08,31,0xd68c
4G0907379_0190,0xf349c,4G0907379H_0361,0x100b28,31,0xd68c
4G0907379_0190,0xf357c,4G0907379H_0361,0x100be0,31,0xd664
4G0907379_0190,0xf3794,4G0907379H_0361,0x100f00,31,0xd76c
4G0907379_0190,0xf48cc,4G0907379H_0361,0x1020a4,31,0xd7d8
4G0907379_0190,0xf53a8,4G0907379H_0361,0x1027ec,31,0xd444
4G0907379_0190,0xf67a0,4G0907379H_0361,0x103fbc,31,0xd81c
4G0907379_0190,0xf68c4,4G0907379H_0361,0x1040f4,31,0xd830
4G0907379_0190,0xf7bd6,4G0907379H_0361,0x1071c8,31,0xf5f2
4G0907379_0190,0xf8670,4G0907379H_0361,0x107d4c,31,0xf6dc
4G0907379_0190,0xf983e,4G0907379H_0361,0x1090c6,31,0xf888
4G0907379_0190,0xfb190,4G0907379H_0361,0x10ab70,31,0xf9e0
4G0907379_0190,0xfb1ce,4G0907379H_0361,0x10b112,31,0xff44
4G0907379_0190,0xfb400,4G0907379H_0361,0x10ade0,31,0xf9e0
4G0907379_0190,0xfb4e8,4G0907379H_0361,0x10aec8,31,0xf9e0
4G0907379_0190,0xfb5ca,4G0907379H_0361,0x10afaa,31,0xf9e0
4G0907379_0190,0xfb69e,4G0907379H_0361,0x10b082,31,0xf9e4
4G0907379_0190,0xfc174,4G0907379H_0361,0x10cbcc,31,0x10a58
4G0907379_0190,0xfc244,4G0907379H_0361,0x10cc96,31,0x10a52
4G0907379_0190,0xff76a,4G0907379H_0361,0x110f26,31,0x117bc
4G0907379_0190,0x100adc,4G0907379H_0361,0x10f018,31,0xe53c
4G0907379_0190,0x1010b8,4G0907379H_0361,0x10f440,31,0xe388
4G0907379_0190,0x101bcc,4G0907379H_0361,0x111210,31,0xf644
4G0907379_0190,0x101bec,4G0907379H_0361,0x111230,31,0xf644
4G0907379_0190,0x101db4,4G0907379H_0361,0x111b74,31,0xfdc0
4G0907379_0190,0x102eae,4G0907379H_0361,0x11382e,31,0x10980
4G0907379_0190,0x102f96,4G0907379H_0361,0x113916,31,0x10980
4G0907379_0190,0x104cfe,4G0907379H_0361,0x11618e,31,0x11490
4G0907379_0190,0x10658a,4G0907379H_0361,0x116f24,31,0x1099a
4G0907379_0190,0x108d90,4G0907379H_0361,0x118418,31,0xf688
4G0907379_0190,0x10b066,4G0907379H_0361,0x11a7f2,31,0xf78c
4G0907379_0190,0x10c344,4G0907379H_0361,0x11c2e4,31,0xffa0
4G0907379_0190,0x10c7da,4G0907379H_0361,0x11c790,31,0xffb6
4G0907379_0190,0x10d0ca,4G0907379H_0361,0x11d07e,31,0xffb4
4G0907379_0190,0x10d1b0,4G0907379H_0361,0x11d164,31,0xffb4
4G0907379_0190,0x10d23a,4G0907379H_0361,0x11d1ee,31,0xffb4
4G0907379_0190,0x10e242,4G0907379H_0361,0x11fac2,31,0x11880
4G0907379_0190,0x10e2a2,4G0907379H_0361,0x11fb22,31,0x11880
4G0907379_0190,0x10e302,4G0907379H_0361,0x11fb82,31,0x11880
4G0907379_0190,0x10e3f8,4G0907379H_0361,0x11fc78,31,0x11880
4G0907379_0190,0x10f6a0,4G0907379H_0361,0x11f318,31,0xfc78
4G0907379_0190,0x110378,4G0907379H_0361,0x12223c,31,0x11ec4
4G0907379_0190,0x1103ae,4G0907379H_0361,0x122272,31,0x11ec4
4G0907379_0190,0x11154c,4G0907379H_0361,0x123420,31,0x11ed4
4G0907379_0190,0x111609,4G0907379H_0361,0x1234dd,31,0x11ed4
4G0907379_0190,0x113718,4G0907379H_0361,0x1246c0,31,0x10fa8
4G0907379_0190,0x11372e,4G0907379H_0361,0x1246d6,31,0x10fa8
4G0907379_0190,0x113744,4G0907379H_0361,0x1246ec,31,0x10fa8
4G0907379_0190,0x113870,4G0907379H_0361,0x124818,31,0x10fa8
4G0907379_0190,0x113e34,4G0907379H_0361,0x120f3c,31,0xd108
4G0907379_0190,0x116004,4G0907379H_0361,0x12755c,31,0x11558
4G0907379_0190,0x116176,4G0907379H_0361,0x1276ce,31,0x11558
4G0907379_0190,0x117000,4G0907379H_0361,0x1280c8,31,0x110c8
4G0907379_0190,0x117190,4G0907379H_0361,0x128258,31,0x110c8
4G0907379_0190,0x11726c,4G0907379H_0361,0x128334,31,0x110c8
4G0907379_0190,0x1184c0,4G0907379H_0361,0x129154,31,0x10c94
4G0907379_0190,0x11856a,4G0907379H_0361,0x129200,31,0x10c96
4G0907379_0190,0x119c24,4G0907379H_0361,0x12a8d8,31,0x10cb4
4G0907379_0190,0x11ba04,4G0907379H_0361,0x12e0fc,31,0x126f8
4G0907379_0190,0x11ba6a,4G0907379H_0361,0x12e162,31,0x126f8
4G0907379_0190,0x11ba9a,4G0907379H_0361,0x12e192,31,0x126f8
4G0907379_0190,0x11bd38,4G0907379H_0361,0x12f42c,31,0x136f4
4G0907379_0190,0x11ded2,4G0907379H_0361,0x12f9a2,31,0x11ad0
4G0907379_0190,0x11e176,4G0907379H_0361,0x12fc5e,31,0x11ae8
4G0907379_0190,0x11e50a,4G0907379H_0361,0x13060a,31,0x12100
4G0907379_0190,0x11f2e2,4G0907379H_0361,0x12c836,31,0xd554
4G0907379_0190,0x122f0a,4G0907379H_0361,0x13576a,31,0x12860
4G0907379_0190,0x122fe4,4G0907379H_0361,0x135844,31,0x12860
4G0907379_0190,0x123968,4G0907379H_0361,0x134660,31,0x10cf8
4G0907379_0190,0x1268a0,4G0907379H_0361,0x138924,31,0x12084
4G0907379_0190,0x126af4,4G0907379H_0361,0x13914c,31,0x12658
4G0907379_0190,0x12adb4,4G0907379H_0361,0x13e57c,31,0x137c8
4G0907379_0190,0x12b1a0,4G0907379H_0361,0x13d74c,31,0x125ac
4G0907379_0190,0x12b666,4G0907379H_0361,0x13e2ee,31,0x12c88
4G0907379_0190,0x12b7bb,4G0907379H_0361,0x13dec7,31,0x1270c
4G0907379_0190,0x12c21c,4G0907379H_0361,0x13e7d4,31,0x125b8
4G0907379_0190,0x12cd34,4G0907379H_0361,0x13f440,31,0x1270c
4G0907379_0190,0x12cffc,4G0907379H_0361,0x13f708,31,0x1270c
4G0907379_0190,0x12e758,4G0907379H_0361,0x141218,31,0x12ac0
4G0907379_0190,0x12e9b2,4G0907379H_0361,0x1416a8,31,0x12cf6
4G0907379_0190,0x12edd4,4G0907379H_0361,0x140c14,31,0x11e40
4G0907379_0190,0x12f480,4G0907379H_0361,0x1425a0,31,0x13120
4G0907379_0190,0x12ff4c,4G0907379H_0361,0x14295c,31,0x12a10
4G0907379_0190,0x1300f8,4G0907379H_0361,0x142500,31,0x12408
4G0907379_0190,0x1309cc,4G0907379H_0361,0x1433d8,31,0x12a0c
4G0907379_0190,0x131ed4,4G0907379H_0361,0x144b98,31,0x12cc4
4G0907379_0190,0x131f3e,4G0907379H_0361,0x144c02,31,0x12cc4
4G0907379_0190,0x1326c0,4G0907379H_0361,0x145200,31,0x12b40
4G0907379_0190,0x132aa2,4G0907379H_0361,0x143dc6,31,0x11324
4G0907379_0190,0x13391c,4G0907379H_0361,0x146438,31,0x12b1c
4G0907379_0190,0x13486a,4G0907379H_0361,0x147436,31,0x12bcc
4G0907379_0190,0x1350bc,4G0907379H_0361,0x14795c,31,0x128a0
4G0907379_0190,0x1359c8,4G0907379H_0361,0x1483ec,31,0x12a24
4G0907379_0190,0x137e48,4G0907379H_0361,0x14aa2c,31,0x12be4
4G0907379_0190,0x13aae2,4G0907379H_0361,0x16fc32,31,0x35150
4G0907379_0190,0x141213,4G0907379H_0361,0x1647ab,31,0x23598
4G0907379_0190,0x1495ef,4G0907379H_0361,0x165205,31,0x1bc16
4G0907379_0190,0x14dfe7,4G0907379H_0361,0x1664c7,31,0x184e0
4G0907379_0190,0x14e1ea,4G0907379H_0361,0x166542,31,0x18358
4G0907379_0190,0x150a50,4G0907379H_0361,0x16707a,31,0x1662a
4G0907379_0190,0x15e58e,4G0907379H_0361,0x1690ce,31,0xab40
4G0907379_0190,0x15f3de,4G0907379H_0361,0x17f02a,31,0x1fc4c
4G0907379_0190,0x16ac68,4G0907379H_0361,0x1694ba,31,-0x17ae
4G0907379_0190,0x170d86,4G0907379H_0361,0x16ddbc,31,-0x2fca
4G0907379_0190,0x171e90,4G0907379H_0361,0x16e424,31,-0x3a6c
4G0907379_0190,0x179590,4G0907379H_0361,0x16d96a,31,-0xbc26
4G0907379_0190,0x179b58,4G0907379H_0361,0x16f694,31,-0xa4c4
4G0907379_0190,0x17c5bc,4G0907379H_0361,0x1693b4,31,-0x13208
4G0907379_0190,0x17dcf7,4G0907379H_0361,0x16f8cd,31,-0xe42a
4G0907379_0190,0x17e5be,4G0907379H_0361,0x16ee06,31,-0xf7b8
4G0907379_0190,0xdc67a,4G0907379H_0361,0xea7a2,30,0xe128
4G0907379_0190,0xdc89a,4G0907379H_0361,0xea9be,30,0xe124
4G0907379_0190,0xe22c0,4G0907379H_0361,0xf367c,30,0x113bc
4G0907379_0190,0xe22d4,4G0907379H_0361,0xf3690,30,0x113bc
4G0907379_0190,0xe5665,4G0907379H_0361,0xf6b51,30,0x114ec
4G0907379_0190,0xe598f,4G0907379H_0361,0xf6e79,30,0x114ea
4G0907379_0190,0xe5b3a,4G0907379H_0361,0xf701a,30,0x114e0
4G0907379_0190,0xe5d0d,4G0907379H_0361,0xf71ed,30,0x114e0
4G0907379_0190,0xe6f22,4G0907379H_0361,0xf839a,30,0x11478
4G0907379_0190,0xe7358,4G0907379H_0361,0xf87c8,30,0x11470
4G0907379_0190,0xee23c,4G0907379H_0361,0xfe9d4,30,0x10798
4G0907379_0190,0xf0de4,4G0907379H_0361,0xfec64,30,0xde80
4G0907379_0190,0xf0fe8,4G0907379H_0361,0xfee7c,30,0xde94
4G0907379_0190,0xf1e6c,4G0907379H_0361,0x105d94,30,0x13f28
4G0907379_0190,0xf49fc,4G0907379H_0361,0x1021d4,30,0xd7d8
4G0907379_0190,0xf4ba0,4G0907379H_0361,0x102360,30,0xd7c0
4G0907379_0190,0xf5334,4G0907379H_0361,0x102778,30,0xd444
4G0907379_0190,0xf58f0,4G0907379H_0361,0x1030d0,30,0xd7e0
4G0907379_0190,0xf5910,4G0907379H_0361,0x1030f0,30,0xd7e0
4G0907379_0190,0xf760c,4G0907379H_0361,0x106b78,30,0xf56c
4G0907379_0190,0xf7d6e,4G0907379H_0361,0x10736e,30,0xf600
4G0907379_0190,0xf8ec4,4G0907379H_0361,0x10836c,30,0xf4a8
4G0907379_0190,0xf9580,4G0907379H_0361,0x108c24,30,0xf6a4
4G0907379_0190,0xfaba6,4G0907379H_0361,0x10a582,30,0xf9dc
4G0907379_0190,0xfb0de,4G0907379H_0361,0x10aabe,30,0xf9e0
4G0907379_0190,0xfb562,4G0907379H_0361,0x10af42,30,0xf9e0
4G0907379_0190,0xfe07c,4G0907379H_0361,0x10dab0,30,0xfa34
4G0907379_0190,0xfe0b8,4G0907379H_0361,0x10daec,30,0xfa34
4G0907379_0190,0xfe0f4,4G0907379H_0361,0x10db28,30,0xfa34
4G0907379_0190,0xfec66,4G0907379H_0361,0x11042a,30,0x117c4
4G0907379_0190,0x100a1c,4G0907379H_0361,0x10f234,30,0xe818
4G0907379_0190,0x100df4,4G0907379H_0361,0x10f174,30,0xe380
4G0907379_0190,0x100e88,4G0907379H_0361,0x10ec30,30,0xdda8
4G0907379_0190,0x101018,4G0907379H_0361,0x10eabc,30,0xdaa4
4G0907379_0190,0x10104c,4G0907379H_0361,0x10eaf0,30,0xdaa4
4G0907379_0190,0x102f2a,4G0907379H_0361,0x1138aa,30,0x10980
4G0907379_0190,0x1039bb,4G0907379H_0361,0x12865b,30,0x24ca0
4G0907379_0190,0x1072fc,4G0907379H_0361,0x1165e4,30,0xf2e8
4G0907379_0190,0x1073c4,4G0907379H_0361,0x116868,30,0xf4a4
4G0907379_0190,0x107608,4G0907379H_0361,0x116c24,30,0xf61c
4G0907379_0190,0x1076a4,4G0907379H_0361,0x1151c8,30,0xdb24
4G0907379_0190,0x107bb8,4G0907379H_0361,0x11517c,30,0xd5c4
4G0907379_0190,0x10d458,4G0907379H_0361,0x11d40c,30,0xffb4
4G0907379_0190,0x10e430,4G0907379H_0361,0x11fcb0,30,0x11880
4G0907379_0190,0x11134a,4G0907379H_0361,0x12321e,30,0x11ed4
4G0907379_0190,0x11162a,4G0907379H_0361,0x1234fe,30,0x11ed4
4G0907379_0190,0x11389c,4G0907379H_0361,0x124844,30,0x10fa8
4G0907379_0190,0x1138e0,4G0907379H_0361,0x124888,30,0x10fa8
4G0907379_0190,0x11e0ee,4G0907379H_0361,0x12fbd6,30,0x11ae8
4G0907379_0190,0x11fdcc,4G0907379H_0361,0x1326d0,30,0x12904
4G0907379_0190,0x120932,4G0907379H_0361,0x132a4a,30,0x12118
4G0907379_0190,0x12273a,4G0907379H_0361,0x134af0,30,0x123b6
4G0907379_0190,0x12411c,4G0907379H_0361,0x136964,30,0x12848
4G0907379_0190,0x124170,4G0907379H_0361,0x1369b8,30,0x12848
4G0907379_0190,0x12a1de,4G0907379H_0361,0x13caa2,30,0x128c4
4G0907379_0190,0x12f142,4G0907379H_0361,0x141d24,30,0x12be2
4G0907379_0190,0x12f734,4G0907379H_0361,0x143fa2,30,0x1486e
4G0907379_0190,0x1303be,4G0907379H_0361,0x142cd6,30,0x12918
4G0907379_0190,0x130aea,4G0907379H_0361,0x1434f6,30,0x12a0c
4G0907379_0190,0x130ea4,4G0907379H_0361,0x143a90,30,0x12bec
4G0907379_0190,0x131308,4G0907379H_0361,0x143fc8,30,0x12cc0
4G0907379_0190,0x1370d0,4G0907379H_0361,0x1499b4,30,0x128e4
4G0907379_0190,0x137a54,4G0907379H_0361,0x14a674,30,0x12c20
4G0907379_0190,0x137b54,4G0907379H_0361,0x14a774,30,0x12c20
4G0907379_0190,0x138250,4G0907379H_0361,0x14acfc,30,0x12aac
4G0907379_0190,0x13e761,4G0907379H_0361,0x1638b1,30,0x25150
4G0907379_0190,0x141498,4G0907379H_0361,0x164870,30,0x233d8
4G0907379_0190,0x141f03,4G0907379H_0361,0x16497b,30,0x22a78
4G0907379_0190,0x14b8c8,4G0907379H_0361,0x16581a,30,0x19f52
4G0907379_0190,0x14c16d,4G0907379H_0361,0x165a8d,30,0x19920
4G0907379_0190,0x14cf7d,4G0907379H_0361,0x165eb9,30,0x18f3c
4G0907379_0190,0x14f3d6,4G0907379H_0361,0x166bfc,30,0x17826
4G0907379_0190,0x14fa42,4G0907379H_0361,0x166e44,30,0x17402
4G0907379_0190,0x151b5b,4G0907379H_0361,0x1672cf,30,0x15774
4G0907379_0190,0x15247e,4G0907379H_0361,0x1640dc,30,0x11c5e
4G0907379_0190,0x15e8e4,4G0907379H_0361,0x173174,30,0x14890
4G0907379_0190,0x15e9b6,4G0907379H_0361,0x169148,30,0xa792
4G0907379_0190,0x16a814,4G0907379H_0361,0x169456,30,-0x13be
4G0907379_0190,0x16fa58,4G0907379H_0361,0x16b948,30,-0x4110
4G0907379_0190,0x171eb3,4G0907379H_0361,0x16e447,30,-0x3a6c
4G0907379_0190,0x174265,4G0907379H_0361,0x16e989,30,-0x58dc
4G0907379_0190,0xdc028,4G0907379H_0361,0xea0a8,29,0xe080
4G0907379_0190,0xdf8fc,4G0907379H_0361,0xedda4,29,0xe4a8
4G0907379_0190,0xe5a8c,4G0907379H_0361,0xf6f70,29,0x114e4
4G0907379_0190,0xe5b84,4G0907379H_0361,0xf7066,29,0x114e2
4G0907379_0190,0xe644a,4G0907379H_0361,0xf7914,29,0x114ca
4G0907379_0190,0xe6846,4G0907379H_0361,0xf7ce6,29,0x114a0
4G0907379_0190,0xec908,4G0907379H_0361,0xfd0b0,29,0x107a8
4G0907379_0190,0xed226,4G0907379H_0361,0xfd9ce,29,0x107a8
4G0907379_0190,0xed2e4,4G0907379H_0361,0xfda8c,29,0x107a8
4G0907379_0190,0xee080,4G0907379H_0361,0xfe81c,29,0x1079c
4G0907379_0190,0xf80ea,4G0907379H_0361,0x107708,29,0xf61e
4G0907379_0190,0xfaeb2,4G0907379H_0361,0x10a892,29,0xf9e0
4G0907379_0190,0xfc2c0,4G0907379H_0361,0x10cd10,29,0x10a50
4G0907379_0190,0xfe260,4G0907379H_0361,0x10dc94,29,0xfa34
4G0907379_0190,0xfe922,4G0907379H_0361,0x10e3cc,29,0xfaaa
4G0907379_0190,0xffb6a,4G0907379H_0361,0x10f76a,29,0xfc00
4G0907379_0190,0xffffc,4G0907379H_0361,0x10fc10,29,0xfc14
4G0907379_0190,0x102778,4G0907379H_0361,0x114846,29,0x120ce
4G0907379_0190,0x104438,4G0907379H_0361,0x1158f8,29,0x114c0
4G0907379_0190,0x104648,4G0907379H_0361,0x115adc,29,0x11494
4G0907379_0190,0x1070fc,4G0907379H_0361,0x1162d0,29,0xf1d4
4G0907379_0190,0x10a658,4G0907379H_0361,0x11955e,29,0xef06
4G0907379_0190,0x10d964,4G0907379H_0361,0x114462,29,0x6afe
4G0907379_0190,0x10e7ca,4G0907379H_0361,0x122204,29,0x13a3a
4G0907379_0190,0x10f302,4G0907379H_0361,0x11eee6,29,0xfbe4
4G0907379_0190,0x10fdf2,4G0907379H_0361,0x121702,29,0x11910
4G0907379_0190,0x113c7c,4G0907379H_0361,0x120cca,29,0xd04e
4G0907379_0190,0x116fe8,4G0907379H_0361,0x1280b0,29,0x110c8
4G0907379_0190,0x1181e6,4G0907379H_0361,0x12aa5c,29,0x12876
4G0907379_0190,0x11a274,4G0907379H_0361,0x12d482,29,0x1320e
4G0907379_0190,0x11bb58,4G0907379H_0361,0x12e246,29,0x126ee
4G0907379_0190,0x11c99e,4G0907379H_0361,0x12ea22,29,0x12084
4G0907379_0190,0x11cfe4,4G0907379H_0361,0x12ffe8,29,0x13004
4G0907379_0190,0x11dc80,4G0907379H_0361,0x12f74c,29,0x11acc
4G0907379_0190,0x11ee18,4G0907379H_0361,0x1311fc,29,0x123e4
4G0907379_0190,0x11f42e,4G0907379H_0361,0x12c91c,29,0xd4ee
4G0907379_0190,0x120df0,4G0907379H_0361,0x132c80,29,0x11e90
4G0907379_0190,0x120f2c,4G0907379H_0361,0x132dbc,29,0x11e90
4G0907379_0190,0x12255c,4G0907379H_0361,0x134908,29,0x123ac
4G0907379_0190,0x12264e,4G0907379H_0361,0x1349fa,29,0x123ac
4G0907379_0190,0x1238ec,4G0907379H_0361,0x1345e8,29,0x10cfc
4G0907379_0190,0x125e00,4G0907379H_0361,0x138068,29,0x12268
4G0907379_0190,0x12683c,4G0907379H_0361,0x1388c0,29,0x12084
4G0907379_0190,0x126c2c,4G0907379H_0361,0x139284,29,0x12658
4G0907379_0190,0x1272ca,4G0907379H_0361,0x139e96,29,0x12bcc
4G0907379_0190,0x1272fa,4G0907379H_0361,0x139ec6,29,0x12bcc
4G0907379_0190,0x1287e6,4G0907379H_0361,0x13bc0a,29,0x13424
4G0907379_0190,0x1298be,4G0907379H_0361,0x13b78a,29,0x11ecc
4G0907379_0190,0x12a270,4G0907379H_0361,0x13cb34,29,0x128c4
4G0907379_0190,0x12a2a4,4G0907379H_0361,0x13cb68,29,0x128c4
4G0907379_0190,0x12ac38,4G0907379H_0361,0x13d07e,29,0x12446
4G0907379_0190,0x12b084,4G0907379H_0361,0x13e150,29,0x130cc
4G0907379_0190,0x12b188,4G0907379H_0361,0x13d734,29,0x125ac
4G0907379_0190,0x12b262,4G0907379H_0361,0x13d80e,29,0x125ac
4G0907379_0190,0x12b860,4G0907379H_0361,0x13df6c,29,0x1270c
4G0907379_0190,0x12c730,4G0907379H_0361,0x13ee40,29,0x12710
4G0907379_0190,0x12cfc0,4G0907379H_0361,0x13f6cc,29,0x1270c
4G0907379_0190,0x12d5b4,4G0907379H_0361,0x13f7d6,29,0x12222
4G0907379_0190,0x12d88c,4G0907379H_0361,0x13fe78,29,0x125ec
4G0907379_0190,0x12d8fa,4G0907379H_0361,0x13f4ea,29,0x11bf0
4G0907379_0190,0x12f58a,4G0907379H_0361,0x1426aa,29,0x13120
4G0907379_0190,0x12ff34,4G0907379H_0361,0x142944,29,0x12a10
4G0907379_0190,0x131dbc,4G0907379H_0361,0x144a84,29,0x12cc8
4G0907379_0190,0x131df0,4G0907379H_0361,0x144340,29,0x12550
4G0907379_0190,0x131ebc,4G0907379H_0361,0x144b80,29,0x12cc4
4G0907379_0190,0x13412a,4G0907379H_0361,0x146e0e,29,0x12ce4
4G0907379_0190,0x137a8a,4G0907379H_0361,0x14a6aa,29,0x12c20
4G0907379_0190,0x13bbc4,4G0907379H_0361,0x1628aa,29,0x26ce6
4G0907379_0190,0x13c698,4G0907379H_0361,0x162a24,29,0x2638c
4G0907379_0190,0x13ca3c,4G0907379H_0361,0x162ad4,29,0x26098
4G0907379_0190,0x13ddfe,4G0907379H_0361,0x163016,29,0x25218
4G0907379_0190,0x14e54e,4G0907379H_0361,0x16342a,29,0x14edc
4G0907379_0190,0x14f401,4G0907379H_0361,0x166c69,29,0x17868
4G0907379_0190,0x151334,4G0907379H_0361,0x1671d2,29,0x15e9e
4G0907379_0190,0x151e20,4G0907379H_0361,0x167324,29,0x15504
4G0907379_0190,0x15fffe,4G0907379H_0361,0x17b468,29,0x1b46a
4G0907379_0190,0x1600d0,4G0907379H_0361,0x17b548,29,0x1b478
4G0907379_0190,0x164da4,4G0907379H_0361,0x170788,29,0xb9e4
4G0907379_0190,0x165f6f,4G0907379H_0361,0x17101d,29,0xb0ae
4G0907379_0190,0x1679c1,4G0907379H_0361,0x17152f,29,0x9b6e
4G0907379_0190,0x16d4b0,4G0907379H_0361,0x16a358,29,-0x3158
4G0907379_0190,0xe5617,4G0907379H_0361,0xf6aff,28,0x114e8
4G0907379_0190,0xe64e4,4G0907379H_0361,0xf79b2,28,0x114ce
4G0907379_0190,0xe6ba9,4G0907379H_0361,0xf8035,28,0x1148c
4G0907379_0190,0xe7542,4G0907379H_0361,0xf89ac,28,0x1146a
4G0907379_0190,0xe7622,4G0907379H_0361,0xf8a8e,28,0x1146c
4G0907379_0190,0xee25d,4G0907379H_0361,0xfe9f5,28,0x10798
4G0907379_0190,0xf1c74,4G0907379H_0361,0x105748,28,0x13ad4
4G0907379_0190,0xf38c4,4G0907379H_0361,0x100de8,28,0xd524
4G0907379_0190,0xfb57a,4G0907379H_0361,0x10af5a,28,0xf9e0
4G0907379_0190,0xfc227,4G0907379H_0361,0x10cc79,28,0x10a52
4G0907379_0190,0xfebc6,4G0907379H_0361,0x10e6c2,28,0xfafc
4G0907379_0190,0x100a44,4G0907379H_0361,0x10f25c,28,0xe818
4G0907379_0190,0x1015b4,4G0907379H_0361,0x1116f8,28,0x10144
4G0907379_0190,0x10785c,4G0907379H_0361,0x114d38,28,0xd4dc
4G0907379_0190,0x10d926,4G0907379H_0361,0x11df6e,28,0x10648
4G0907379_0190,0x10db04,4G0907379H_0361,0x1204a0,28,0x1299c
4G0907379_0190,0x1170c7,4G0907379H_0361,0x12818f,28,0x110c8
4G0907379_0190,0x1180ac,4G0907379H_0361,0x12a948,28,0x1289c
4G0907379_0190,0x118221,4G0907379H_0361,0x12aa97,28,0x12876
4G0907379_0190,0x118328,4G0907379H_0361,0x12aba0,28,0x12878
4G0907379_0190,0x119092,4G0907379H_0361,0x12a122,28,0x11090
4G0907379_0190,0x11a10e,4G0907379H_0361,0x12d31c,28,0x1320e
4G0907379_0190,0x11b5c6,4G0907379H_0361,0x12d968,28,0x123a2
4G0907379_0190,0x11e0b2,4G0907379H_0361,0x12fb9a,28,0x11ae8
4G0907379_0190,0x11eede,4G0907379H_0361,0x1312c2,28,0x123e4
4G0907379_0190,0x11f1b0,4G0907379H_0361,0x131594,28,0x123e4
4G0907379_0190,0x120a3a,4G0907379H_0361,0x132b52,28,0x12118
4G0907379_0190,0x1237dc,4G0907379H_0361,0x1344dc,28,0x10d00
4G0907379_0190,0x123cb0,4G0907379H_0361,0x136084,28,0x123d4
4G0907379_0190,0x123f4a,4G0907379H_0361,0x136bf2,28,0x12ca8
4G0907379_0190,0x127528,4G0907379H_0361,0x139d5c,28,0x12834
4G0907379_0190,0x12896a,4G0907379H_0361,0x13c0d2,28,0x13768
4G0907379_0190,0x1292a0,4G0907379H_0361,0x13c02c,28,0x12d8c
4G0907379_0190,0x12ab66,4G0907379H_0361,0x13d28e,28,0x12728
4G0907379_0190,0x12b062,4G0907379H_0361,0x13e12e,28,0x130cc
4G0907379_0190,0x12baac,4G0907379H_0361,0x13e058,28,0x125ac
4G0907379_0190,0x12e984,4G0907379H_0361,0x14167a,28,0x12cf6
4G0907379_0190,0x12ea58,4G0907379H_0361,0x14174c,28,0x12cf4
4G0907379_0190,0x13111a,4G0907379H_0361,0x142dfa,28,0x11ce0
4G0907379_0190,0x135282,4G0907379H_0361,0x147d22,28,0x12aa0
4G0907379_0190,0x135e0a,4G0907379H_0361,0x14865a,28,0x12850
4G0907379_0190,0x1372b1,4G0907379H_0361,0x149f01,28,0x12c50
4G0907379_0190,0x138336,4G0907379H_0361,0x14adde,28,0x12aa8
4G0907379_0190,0x14d20f,4G0907379H_0361,0x16603b,28,0x18e2c
4G0907379_0190,0x14ff10,4G0907379H_0361,0x166ed6,28,0x16fc6
4G0907379_0190,0x153685,4G0907379H_0361,0x1685fb,28,0x14f76
4G0907379_0190,0x16629e,4G0907379H_0361,0x171242,28,0xafa4
4G0907379_0190,0x16f168,4G0907379H_0361,0x16b45a,28,-0x3d0e
4G0907379_0190,0x172a68,4G0907379H_0361,0x16f240,28,-0x3828
4G0907379_0190,0x1732a2,4G0907379H_0361,0x16e81e,28,-0x4a84
4G0907379_0190,0x1737cd,4G0907379H_0361,0x16e881,28,-0x4f4c
4G0907379_0190,0x179540,4G0907379H_0361,0x16d91c,28,-0xbc24
4G0907379_0190,0xdafb2,4G0907379H_0361,0xe8dfa,27,0xde48
4G0907379_0190,0xdcaca,4G0907379H_0361,0xeae36,27,0xe36c
4G0907379_0190,0xddec0,4G0907379H_0361,0xec2b4,27,0xe3f4
4G0907379_0190,0xddfe4,4G0907379H_0361,0xec3d8,27,0xe3f4
4G0907379_0190,0xde49a,4G0907379H_0361,0xec902,27,0xe468
4G0907379_0190,0xdf3fa,4G0907379H_0361,0xed8a2,27,0xe4a8
4G0907379_0190,0xdf60a,4G0907379H_0361,0xedab2,27,0xe4a8
4G0907379_0190,0xdf61a,4G0907379H_0361,0xedac2,27,0xe4a8
4G0907379_0190,0xdf966,4G0907379H_0361,0xed634,27,0xdcce
4G0907379_0190,0xdf9ae,4G0907379H_0361,0xede56,27,0xe4a8
4G0907379_0190,0xe2e62,4G0907379H_0361,0xf425c,27,0x113fa
4G0907379_0190,0xe5ba2,4G0907379H_0361,0xf7084,27,0x114e2
4G0907379_0190,0xe615e,4G0907379H_0361,0xf761e,27,0x114c0
4G0907379_0190,0xe6d48,4G0907379H_0361,0xf81cc,27,0x11484
4G0907379_0190,0xeb0cc,4G0907379H_0361,0xfa9aa,27,0xf8de
4G0907379_0190,0xecaf4,4G0907379H_0361,0xfd29c,27,0x107a8
4G0907379_0190,0xecb88,4G0907379H_0361,0xfd32e,27,0x107a6
4G0907379_0190,0xed3aa,4G0907379H_0361,0xfdb52,27,0x107a8
4G0907379_0190,0xed44a,4G0907379H_0361,0xfdbf2,27,0x107a8
4G0907379_0190,0xed91e,4G0907379H_0361,0xfe0c6,27,0x107a8
4G0907379_0190,0xee104,4G0907379H_0361,0xfe8a0,27,0x1079c
4G0907379_0190,0xf0148,4G0907379H_0361,0xff14c,27,0xf004
4G0907379_0190,0xf0434,4G0907379H_0361,0xff8ac,27,0xf478
4G0907379_0190,0xf2070,4G0907379H_0361,0x105f94,27,0x13f24
4G0907379_0190,0xf2d90,4G0907379H_0361,0x1004f4,27,0xd764
4G0907379_0190,0xf4470,4G0907379H_0361,0x102944,27,0xe4d4
4G0907379_0190,0xf5708,4G0907379H_0361,0x102ef0,27,0xd7e8
4G0907379_0190,0xf5c94,4G0907379H_0361,0x10439c,27,0xe708
4G0907379_0190,0xf6610,4G0907379H_0361,0x103e10,27,0xd800
4G0907379_0190,0xf662c,4G0907379H_0361,0x103e2c,27,0xd800
4G0907379_0190,0xf9284,4G0907379H_0361,0x108928,27,0xf6a4
4G0907379_0190,0xfb172,4G0907379H_0361,0x10ab52,27,0xf9e0
4G0907379_0190,0xfb3bc,4G0907379H_0361,0x10ad9c,27,0xf9e0
4G0907379_0190,0xfc2ee,4G0907379H_0361,0x10cd3c,27,0x10a4e
4G0907379_0190,0xff880,4G0907379H_0361,0x11103c,27,0x117bc
4G0907379_0190,0xff8b2,4G0907379H_0361,0x111074,27,0x117c2
4G0907379_0190,0xffb4c,4G0907379H_0361,0x10f74c,27,0xfc00
4G0907379_0190,0xffbba,4G0907379H_0361,0x10f7ba,27,0xfc00
4G0907379_0190,0x100d38,4G0907379H_0361,0x10eed4,27,0xe19c
4G0907379_0190,0x100d80,4G0907379H_0361,0x10ef1c,27,0xe19c
4G0907379_0190,0x1012b8,4G0907379H_0361,0x10e8dc,27,0xd624
4G0907379_0190,0x104594,4G0907379H_0361,0x115a28,27,0x11494
4G0907379_0190,0x104daa,4G0907379H_0361,0x11623a,27,0x11490
4G0907379_0190,0x10662e,4G0907379H_0361,0x116fc6,27,0x10998
4G0907379_0190,0x106acc,4G0907379H_0361,0x117464,27,0x10998
4G0907379_0190,0x106ecc,4G0907379H_0361,0x116474,27,0xf5a8
4G0907379_0190,0x106fe0,4G0907379H_0361,0x1169b0,27,0xf9d0
4G0907379_0190,0x1075a4,4G0907379H_0361,0x116bc0,27,0xf61c
4G0907379_0190,0x107b68,4G0907379H_0361,0x11512c,27,0xd5c4
4G0907379_0190,0x107d7c,4G0907379H_0361,0x1154f8,27,0xd77c
4G0907379_0190,0x1089c2,4G0907379H_0361,0x118052,27,0xf690
4G0907379_0190,0x108cb6,4G0907379H_0361,0x11833e,27,0xf688
4G0907379_0190,0x108d34,4G0907379H_0361,0x1183bc,27,0xf688
4G0907379_0190,0x108fea,4G0907379H_0361,0x11866a,27,0xf680
4G0907379_0190,0x10912e,4G0907379H_0361,0x1187aa,27,0xf67c
4G0907379_0190,0x10ae74,4G0907379H_0361,0x11a600,27,0xf78c
4G0907379_0190,0x10b1ee,4G0907379H_0361,0x11b13e,27,0xff50
4G0907379_0190,0x10b358,4G0907379H_0361,0x11b2a8,27,0xff50
4G0907379_0190,0x10b374,4G0907379H_0361,0x11b2c4,27,0xff50
4G0907379_0190,0x10b390,4G0907379H_0361,0x11b2e0,27,0xff50
4G0907379_0190,0x10b3ac,4G0907379H_0361,0x11b2fc,27,0xff50
4G0907379_0190,0x10c26e,4G0907379H_0361,0x11c212,27,0xffa4
4G0907379_0190,0x10c4be,4G0907379H_0361,0x11c45e,27,0xffa0
4G0907379_0190,0x10d0e9,4G0907379H_0361,0x11d09d,27,0xffb4
4G0907379_0190,0x10d730,4G0907379H_0361,0x11dd78,27,0x10648
4G0907379_0190,0x10d908,4G0907379H_0361,0x11df50,27,0x10648
4G0907379_0190,0x10da10,4G0907379H_0361,0x11e058,27,0x10648
4G0907379_0190,0x10defc,4G0907379H_0361,0x12087e,27,0x12982
4G0907379_0190,0x10e546,4G0907379H_0361,0x11fdc6,27,0x11880
4G0907379_0190,0x10f2b6,4G0907379H_0361,0x11ee9a,27,0xfbe4
4G0907379_0190,0x10f81a,4G0907379H_0361,0x121c22,27,0x12408
4G0907379_0190,0x10f9ee,4G0907379H_0361,0x121dfc,27,0x1240e
4G0907379_0190,0x10fa7a,4G0907379H_0361,0x121e88,27,0x1240e
4G0907379_0190,0x111378,4G0907379H_0361,0x12324c,27,0x11ed4
4G0907379_0190,0x11179e,4G0907379H_0361,0x123672,27,0x11ed4
4G0907379_0190,0x11395c,4G0907379H_0361,0x124904,27,0x10fa8
4G0907379_0190,0x11397c,4G0907379H_0361,0x124924,27,0x10fa8
4G0907379_0190,0x11399c,4G0907379H_0361,0x124944,27,0x10fa8
4G0907379_0190,0x113aa0,4G0907379H_0361,0x120aec,27,0xd04c
4G0907379_0190,0x113c9a,4G0907379H_0361,0x120ce8,27,0xd04e
4G0907379_0190,0x113ee6,4G0907379H_0361,0x11e7de,27,0xa8f8
4G0907379_0190,0x1140ee,4G0907379H_0361,0x11e9e2,27,0xa8f4
4G0907379_0190,0x1143e2,4G0907379H_0361,0x12669a,27,0x122b8
4G0907379_0190,0x114418,4G0907379H_0361,0x1266d0,27,0x122b8
4G0907379_0190,0x115dea,4G0907379H_0361,0x126ec2,27,0x110d8
4G0907379_0190,0x116bd7,4G0907379H_0361,0x128d73,27,0x1219c
4G0907379_0190,0x11702e,4G0907379H_0361,0x1280f6,27,0x110c8
4G0907379_0190,0x117d0a,4G0907379H_0361,0x135742,27,0x1da38
4G0907379_0190,0x117f98,4G0907379H_0361,0x12c698,27,0x14700
4G0907379_0190,0x1187d4,4G0907379H_0361,0x129466,27,0x10c92
4G0907379_0190,0x1198a4,4G0907379H_0361,0x12a548,27,0x10ca4
4G0907379_0190,0x11a1b4,4G0907379H_0361,0x12d3c2,27,0x1320e
4G0907379_0190,0x11aa14,4G0907379H_0361,0x12c2aa,27,0x11896
4G0907379_0190,0x11ca3a,4G0907379H_0361,0x12eabe,27,0x12084
4G0907379_0190,0x11d046,4G0907379H_0361,0x13004a,27,0x13004
4G0907379_0190,0x11d13a,4G0907379H_0361,0x130138,27,0x12ffe
4G0907379_0190,0x11d1f0,4G0907379H_0361,0x1301ea,27,0x12ffa
4G0907379_0190,0x11dbb6,4G0907379H_0361,0x12f672,27,0x11abc
4G0907379_0190,0x11de24,4G0907379H_0361,0x12f8f0,27,0x11acc
4G0907379_0190,0x11fa9c,4G0907379H_0361,0x131bb4,27,0x12118
4G0907379_0190,0x120478,4G0907379H_0361,0x132594,27,0x1211c
4G0907379_0190,0x120dd2,4G0907379H_0361,0x132c62,27,0x11e90
4G0907379_0190,0x120e10,4G0907379H_0361,0x132ca0,27,0x11e90
4G0907379_0190,0x120e48,4G0907379H_0361,0x132cd8,27,0x11e90
4G0907379_0190,0x120f0e,4G0907379H_0361,0x132d9e,27,0x11e90
4G0907379_0190,0x120f68,4G0907379H_0361,0x132df8,27,0x11e90
4G0907379_0190,0x1219bc,4G0907379H_0361,0x135b48,27,0x1418c
4G0907379_0190,0x122e58,4G0907379H_0361,0x1356b8,27,0x12860
4G0907379_0190,0x12499d,4G0907379H_0361,0x137639,27,0x12c9c
4G0907379_0190,0x125fc0,4G0907379H_0361,0x1377e0,27,0x11820
4G0907379_0190,0x126052,4G0907379H_0361,0x137878,27,0x11826
4G0907379_0190,0x1262e0,4G0907379H_0361,0x1372c4,27,0x10fe4
4G0907379_0190,0x1268c2,4G0907379H_0361,0x138946,27,0x12084
4G0907379_0190,0x128818,4G0907379H_0361,0x13bc3c,27,0x13424
4G0907379_0190,0x12a164,4G0907379H_0361,0x13ca28,27,0x128c4
4G0907379_0190,0x12aec0,4G0907379H_0361,0x13d8ac,27,0x129ec
4G0907379_0190,0x12af9c,4G0907379H_0361,0x13d982,27,0x129e6
4G0907379_0190,0x12b720,4G0907379H_0361,0x13de2c,27,0x1270c
4G0907379_0190,0x12bbb2,4G0907379H_0361,0x13dd3e,27,0x1218c
4G0907379_0190,0x12c9f4,4G0907379H_0361,0x13ee68,27,0x12474
4G0907379_0190,0x12cc8c,4G0907379H_0361,0x13f398,27,0x1270c
4G0907379_0190,0x12d01e,4G0907379H_0361,0x13f72a,27,0x1270c
4G0907379_0190,0x12e260,4G0907379H_0361,0x140ad8,27,0x12878
4G0907379_0190,0x12e3ba,4G0907379H_0361,0x13f27e,27,0x10ec4
4G0907379_0190,0x12f018,4G0907379H_0361,0x1419cc,27,0x129b4
4G0907379_0190,0x12f38a,4G0907379H_0361,0x142190,27,0x12e06
4G0907379_0190,0x130508,4G0907379H_0361,0x142e20,27,0x12918
4G0907379_0190,0x130526,4G0907379H_0361,0x142e3e,27,0x12918
4G0907379_0190,0x130b0a,4G0907379H_0361,0x143516,27,0x12a0c
4G0907379_0190,0x131680,4G0907379H_0361,0x144184,27,0x12b04
4G0907379_0190,0x13290c,4G0907379H_0361,0x144630,27,0x11d24
4G0907379_0190,0x132a2c,4G0907379H_0361,0x143d24,27,0x112f8
4G0907379_0190,0x132a4c,4G0907379H_0361,0x143d44,27,0x112f8
4G0907379_0190,0x1332fa,4G0907379H_0361,0x145d6a,27,0x12a70
4G0907379_0190,0x1347e0,4G0907379H_0361,0x1475d4,27,0x12df4
4G0907379_0190,0x134854,4G0907379H_0361,0x147420,27,0x12bcc
4G0907379_0190,0x1356f7,4G0907379H_0361,0x1486bd,27,0x12fc6
4G0907379_0190,0x136262,4G0907379H_0361,0x148c0a,27,0x129a8
4G0907379_0190,0x13627e,4G0907379H_0361,0x148c26,27,0x129a8
4G0907379_0190,0x137c84,4G0907379H_0361,0x14a8a0,27,0x12c1c
4G0907379_0190,0x137e8a,4G0907379H_0361,0x14aaa6,27,0x12c1c
4G0907379_0190,0x139ff4,4G0907379H_0361,0x162218,27,0x28224
4G0907379_0190,0x13c114,4G0907379H_0361,0x16517c,27,0x29068
4G0907379_0190,0x13c550,4G0907379H_0361,0x1629e2,27,0x26492
4G0907379_0190,0x13cf20,4G0907379H_0361,0x162b90,27,0x25c70
4G0907379_0190,0x140cd5,4G0907379H_0361,0x16467d,27,0x239a8
4G0907379_0190,0x140da5,4G0907379H_0361,0x164689,27,0x238e4
4G0907379_0190,0x141bca,4G0907379H_0361,0x164936,27,0x22d6c
4G0907379_0190,0x14210d,4G0907379H_0361,0x1649d5,27,0x228c8
4G0907379_0190,0x14813a,4G0907379H_0361,0x164f10,27,0x1cdd6
4G0907379_0190,0x14a6b2,4G0907379H_0361,0x1655c2,27,0x1af10
4G0907379_0190,0x14c17e,4G0907379H_0361,0x165a9e,27,0x19920
4G0907379_0190,0x15ebee,4G0907379H_0361,0x16925a,27,0xa66c
4G0907379_0190,0x1605fb,4G0907379H_0361,0x17c233,27,0x1bc38
4G0907379_0190,0x1618e8,4G0907379H_0361,0x169914,27,0x802c
4G0907379_0190,0x1651c0,4G0907379H_0361,0x170670,27,0xb4b0
4G0907379_0190,0x1662bc,4G0907379H_0361,0x170db8,27,0xaafc
4G0907379_0190,0x1668c0,4G0907379H_0361,0x170e1a,27,0xa55a
4G0907379_0190,0x16ac88,4G0907379H_0361,0x1694da,27,-0x17ae
4G0907379_0190,0x174278,4G0907379H_0361,0x16e99c,27,-0x58dc
4G0907379_0190,0x1793de,4G0907379H_0361,0x16d7ba,27,-0xbc24
4G0907379_0190,0x17c63f,4G0907379H_0361,0x1693c7,27,-0x13278
4G0907379_0190,0xdc7f0,4G0907379H_0361,0xea914,26,0xe124
4G0907379_0190,0xe1449,4G0907379H_0361,0xf2805,26,0x113bc
4G0907379_0190,0xe1789,4G0907379H_0361,0xf2b45,26,0x113bc
4G0907379_0190,0xe1a65,4G0907379H_0361,0xf2e21,26,0x113bc
4G0907379_0190,0xe7de5,4G0907379H_0361,0xf9245,26,0x11460
4G0907379_0190,0xf03f8,4G0907379H_0361,0xff870,26,0xf478
4G0907379_0190,0xf1e8c,4G0907379H_0361,0x105db4,26,0x13f28
4G0907379_0190,0xf260c,4G0907379H_0361,0x1057f8,26,0x131ec
4G0907379_0190,0xf2690,4G0907379H_0361,0x10587c,26,0x131ec
4G0907379_0190,0xf3f9c,4G0907379H_0361,0x1018b4,26,0xd918
4G0907379_0190,0xf43f8,4G0907379H_0361,0x1032b8,26,0xeec0
4G0907379_0190,0xf4640,4G0907379H_0361,0x102b14,26,0xe4d4
4G0907379_0190,0xf465c,4G0907379H_0361,0x102b30,26,0xe4d4
4G0907379_0190,0xf4980,4G0907379H_0361,0x102158,26,0xd7d8
4G0907379_0190,0xf49c0,4G0907379H_0361,0x102198,26,0xd7d8
4G0907379_0190,0xf4f88,4G0907379H_0361,0x10261c,26,0xd694
4G0907379_0190,0xf51fc,4G0907379H_0361,0x1024d0,26,0xd2d4
4G0907379_0190,0xf5448,4G0907379H_0361,0x10288c,26,0xd444
4G0907379_0190,0xf65f0,4G0907379H_0361,0x103df0,26,0xd800
4G0907379_0190,0xf68fc,4G0907379H_0361,0x10412c,26,0xd830
4G0907379_0190,0xf75f0,4G0907379H_0361,0x106b5c,26,0xf56c
4G0907379_0190,0xf8504,4G0907379H_0361,0x107bd8,26,0xf6d4
4G0907379_0190,0xf8520,4G0907379H_0361,0x107bf4,26,0xf6d4
4G0907379_0190,0xf853c,4G0907379H_0361,0x107c10,26,0xf6d4
4G0907379_0190,0xf8558,4G0907379H_0361,0x107c2c,26,0xf6d4
4G0907379_0190,0xf8574,4G0907379H_0361,0x107c48,26,0xf6d4
4G0907379_0190,0xf8590,4G0907379H_0361,0x107c64,26,0xf6d4
4G0907379_0190,0xf85ac,4G0907379H_0361,0x107c80,26,0xf6d4
4G0907379_0190,0xf8b50,4G0907379H_0361,0x107fe4,26,0xf494
4G0907379_0190,0xfb25a,4G0907379H_0361,0x10ac3a,26,0xf9e0
4G0907379_0190,0xfb8aa,4G0907379H_0361,0x10b296,26,0xf9ec
4G0907379_0190,0xfbb20,4G0907379H_0361,0x10b510,26,0xf9f0
4G0907379_0190,0xfca8e,4G0907379H_0361,0x10d4be,26,0x10a30
4G0907379_0190,0xfcd28,4G0907379H_0361,0x10b690,26,0xe968
4G0907379_0190,0xfe09c,4G0907379H_0361,0x10dad0,26,0xfa34
4G0907379_0190,0xfe0d8,4G0907379H_0361,0x10db0c,26,0xfa34
4G0907379_0190,0xfe114,4G0907379H_0361,0x10db48,26,0xfa34
4G0907379_0190,0xfeab8,4G0907379H_0361,0x10e5b2,26,0xfafa
4G0907379_0190,0x1003a8,4G0907379H_0361,0x10ffc6,26,0xfc1e
4G0907379_0190,0x100808,4G0907379H_0361,0x10eb58,26,0xe350
4G0907379_0190,0x100c34,4G0907379H_0361,0x10ee00,26,0xe1cc
4G0907379_0190,0x100d1c,4G0907379H_0361,0x10eeb8,26,0xe19c
4G0907379_0190,0x100de4,4G0907379H_0361,0x10f164,26,0xe380
4G0907379_0190,0x1010e8,4G0907379H_0361,0x10f470,26,0xe388
4G0907379_0190,0x10116c,4G0907379H_0361,0x10ebf8,26,0xda8c
4G0907379_0190,0x101f00,4G0907379H_0361,0x1118cc,26,0xf9cc
4G0907379_0190,0x1042f2,4G0907379H_0361,0x120442,26,0x1c150
4G0907379_0190,0x1059d1,4G0907379H_0361,0x112b7d,26,0xd1ac
4G0907379_0190,0x106a01,4G0907379H_0361,0x117399,26,0x10998
4G0907379_0190,0x106d30,4G0907379H_0361,0x116718,26,0xf9e8
4G0907379_0190,0x1070e0,4G0907379H_0361,0x1162b4,26,0xf1d4
4G0907379_0190,0x10770c,4G0907379H_0361,0x115230,26,0xdb24
4G0907379_0190,0x1089e0,4G0907379H_0361,0x118070,26,0xf690
4G0907379_0190,0x10ca9c,4G0907379H_0361,0x11ca4c,26,0xffb0
4G0907379_0190,0x10d9e8,4G0907379H_0361,0x11e030,26,0x10648
4G0907379_0190,0x110158,4G0907379H_0361,0x121a84,26,0x1192c
4G0907379_0190,0x110315,4G0907379H_0361,0x1221d9,26,0x11ec4
4G0907379_0190,0x1111c2,4G0907379H_0361,0x123096,26,0x11ed4
4G0907379_0190,0x11164a,4G0907379H_0361,0x12351e,26,0x11ed4
4G0907379_0190,0x1138bc,4G0907379H_0361,0x124864,26,0x10fa8
4G0907379_0190,0x11391c,4G0907379H_0361,0x1248c4,26,0x10fa8
4G0907379_0190,0x114da2,4G0907379H_0361,0x12705a,26,0x122b8
4G0907379_0190,0x11560f,4G0907379H_0361,0x12a1c7,26,0x14bb8
4G0907379_0190,0x11c29c,4G0907379H_0361,0x12e98c,26,0x126f0
4G0907379_0190,0x11d22c,4G0907379H_0361,0x130226,26,0x12ffa
4G0907379_0190,0x11d284,4G0907379H_0361,0x130278,26,0x12ff4
4G0907379_0190,0x11d53c,4G0907379H_0361,0x12f2d4,26,0x11d98
4G0907379_0190,0x120912,4G0907379H_0361,0x132a2a,26,0x12118
4G0907379_0190,0x120d56,4G0907379H_0361,0x132be6,26,0x11e90
4G0907379_0190,0x120d72,4G0907379H_0361,0x132c02,26,0x11e90
4G0907379_0190,0x121ea8,4G0907379H_0361,0x135022,26,0x1317a
4G0907379_0190,0x121f6e,4G0907379H_0361,0x1350e8,26,0x1317a
4G0907379_0190,0x121f8a,4G0907379H_0361,0x135104,26,0x1317a
4G0907379_0190,0x121fa6,4G0907379H_0361,0x135120,26,0x1317a
4G0907379_0190,0x121fc2,4G0907379H_0361,0x13513c,26,0x1317a
4G0907379_0190,0x1232a4,4G0907379H_0361,0x133a78,26,0x107d4
4G0907379_0190,0x12520a,4G0907379H_0361,0x137ea6,26,0x12c9c
4G0907379_0190,0x127486,4G0907379H_0361,0x139cb8,26,0x12832
4G0907379_0190,0x1275b8,4G0907379H_0361,0x139dec,26,0x12834
4G0907379_0190,0x128a68,4G0907379H_0361,0x13c1cc,26,0x13764
4G0907379_0190,0x128d7c,4G0907379H_0361,0x13bafc,26,0x12d80
4G0907379_0190,0x128d98,4G0907379H_0361,0x13bb18,26,0x12d80
4G0907379_0190,0x128f7c,4G0907379H_0361,0x13bea4,26,0x12f28
4G0907379_0190,0x129774,4G0907379H_0361,0x13b48c,26,0x11d18
4G0907379_0190,0x12b5fe,4G0907379H_0361,0x13e28c,26,0x12c8e
4G0907379_0190,0x12bcb6,4G0907379H_0361,0x13e3c6,26,0x12710
4G0907379_0190,0x12bcf2,4G0907379H_0361,0x13e402,26,0x12710
4G0907379_0190,0x12cd49,4G0907379H_0361,0x13f455,26,0x1270c
4G0907379_0190,0x12d9fc,4G0907379H_0361,0x13f5fc,26,0x11c00
4G0907379_0190,0x12eebc,4G0907379H_0361,0x141bb4,26,0x12cf8
4G0907379_0190,0x12f0e4,4G0907379H_0361,0x141cc8,26,0x12be4
4G0907379_0190,0x12fa18,4G0907379H_0361,0x142410,26,0x129f8
4G0907379_0190,0x1331bd,4G0907379H_0361,0x145b81,26,0x129c4
4G0907379_0190,0x1341d6,4G0907379H_0361,0x146eba,26,0x12ce4
4G0907379_0190,0x134200,4G0907379H_0361,0x146ee4,26,0x12ce4
4G0907379_0190,0x135898,4G0907379H_0361,0x1482bc,26,0x12a24
4G0907379_0190,0x1359a4,4G0907379H_0361,0x1483c8,26,0x12a24
4G0907379_0190,0x135dee,4G0907379H_0361,0x14863e,26,0x12850
4G0907379_0190,0x136209,4G0907379H_0361,0x148bb1,26,0x129a8
4G0907379_0190,0x136bb0,4G0907379H_0361,0x1496fc,26,0x12b4c
4G0907379_0190,0x137032,4G0907379H_0361,0x149c32,26,0x12c00
4G0907379_0190,0x1372e6,4G0907379H_0361,0x149f36,26,0x12c50
4G0907379_0190,0x13a55b,4G0907379H_0361,0x162323,26,0x27dc8
4G0907379_0190,0x13c67a,4G0907379H_0361,0x162a00,26,0x26386
4G0907379_0190,0x13f43b,4G0907379H_0361,0x163cd3,26,0x24898
4G0907379_0190,0x13f495,4G0907379H_0361,0x163d2d,26,0x24898
4G0907379_0190,0x1418eb,4G0907379H_0361,0x1648cb,26,0x22fe0
4G0907379_0190,0x141af3,4G0907379H_0361,0x1648f7,26,0x22e04
4G0907379_0190,0x148040,4G0907379H_0361,0x164ef2,26,0x1ceb2
4G0907379_0190,0x14a414,4G0907379H_0361,0x165518,26,0x1b104
4G0907379_0190,0x14e534,4G0907379H_0361,0x166624,26,0x180f0
4G0907379_0190,0x153651,4G0907379H_0361,0x1685bb,26,0x14f6a
4G0907379_0190,0x153a08,4G0907379H_0361,0x168814,26,0x14e0c
4G0907379_0190,0x170e10,4G0907379H_0361,0x16ecc4,26,-0x214c
4G0907379_0190,0x173535,4G0907379H_0361,0x16e84d,26,-0x4ce8
4G0907379_0190,0xda474,4G0907379H_0361,0xe81b2,25,0xdd3e
4G0907379_0190,0xdab4e,4G0907379H_0361,0xe889a,25,0xdd4c
4G0907379_0190,0xdae12,4G0907379H_0361,0xe8c4e,25,0xde3c
4G0907379_0190,0xdb718,4G0907379H_0361,0xe961e,25,0xdf06
4G0907379_0190,0xdcde4,4G0907379H_0361,0xeb13e,25,0xe35a
4G0907379_0190,0xddee4,4G0907379H_0361,0xec2d8,25,0xe3f4
4G0907379_0190,0xde11a,4G0907379H_0361,0xec5ca,25,0xe4b0
4G0907379_0190,0xdf712,4G0907379H_0361,0xedbba,25,0xe4a8
4G0907379_0190,0xe1eda,4G0907379H_0361,0xf3296,25,0x113bc
4G0907379_0190,0xe58be,4G0907379H_0361,0xf6daa,25,0x114ec
4G0907379_0190,0xe5f8e,4G0907379H_0361,0xf7458,25,0x114ca
4G0907379_0190,0xe7146,4G0907379H_0361,0xf85bc,25,0x11476
4G0907379_0190,0xe759e,4G0907379H_0361,0xf8a06,25,0x11468
4G0907379_0190,0xe75ea,4G0907379H_0361,0xf8a52,25,0x11468
4G0907379_0190,0xe7cdc,4G0907379H_0361,0xf913c,25,0x11460
4G0907379_0190,0xecb2e,4G0907379H_0361,0xfd2d6,25,0x107a8
4G0907379_0190,0xecf4c,4G0907379H_0361,0xfd6f8,25,0x107ac
4G0907379_0190,0xed430,4G0907379H_0361,0xfdbd8,25,0x107a8
4G0907379_0190,0xed58a,4G0907379H_0361,0xfdd32,25,0x107a8
4G0907379_0190,0xedd6c,4G0907379H_0361,0xfe510,25,0x107a4
4G0907379_0190,0xf0442,4G0907379H_0361,0xff8ba,25,0xf478
4G0907379_0190,0xf0479,4G0907379H_0361,0xff8f1,25,0xf478
4G0907379_0190,0xf2114,4G0907379H_0361,0x106038,25,0x13f24
4G0907379_0190,0xf287e,4G0907379H_0361,0x105a52,25,0x131d4
4G0907379_0190,0xf486c,4G0907379H_0361,0x101d44,25,0xd4d8
4G0907379_0190,0xf4f20,4G0907379H_0361,0x1025b4,25,0xd694
4G0907379_0190,0xf55be,4G0907379H_0361,0x102daa,25,0xd7ec
4G0907379_0190,0xf7fb8,4G0907379H_0361,0x1075c2,25,0xf60a
4G0907379_0190,0xfb0b8,4G0907379H_0361,0x10aa98,25,0xf9e0
4G0907379_0190,0xfb1de,4G0907379H_0361,0x10abbe,25,0xf9e0
4G0907379_0190,0xfb1e8,4G0907379H_0361,0x10b12c,25,0xff44
4G0907379_0190,0xfb284,4G0907379H_0361,0x10ac64,25,0xf9e0
4G0907379_0190,0xfb36c,4G0907379H_0361,0x10ad4c,25,0xf9e0
4G0907379_0190,0xfb53c,4G0907379H_0361,0x10af1c,25,0xf9e0
4G0907379_0190,0xfc15a,4G0907379H_0361,0x10cbb2,25,0x10a58
4G0907379_0190,0xfc2a6,4G0907379H_0361,0x10ccf6,25,0x10a50
4G0907379_0190,0xfc862,4G0907379H_0361,0x10d28c,25,0x10a2a
4G0907379_0190,0xfec22,4G0907379H_0361,0x1103e6,25,0x117c4
4G0907379_0190,0xfec8a,4G0907379H_0361,0x110450,25,0x117c6
4G0907379_0190,0x100148,4G0907379H_0361,0x10fd5c,25,0xfc14
4G0907379_0190,0x10030e,4G0907379H_0361,0x10ff2a,25,0xfc1c
4G0907379_0190,0x101454,4G0907379H_0361,0x111924,25,0x104d0
4G0907379_0190,0x10232c,4G0907379H_0361,0x122232,25,0x1ff06
4G0907379_0190,0x1023be,4G0907379H_0361,0x1144d2,25,0x12114
4G0907379_0190,0x10413c,4G0907379H_0361,0x120356,25,0x1c21a
4G0907379_0190,0x1043d8,4G0907379H_0361,0x115898,25,0x114c0
4G0907379_0190,0x1047fe,4G0907379H_0361,0x115c8e,25,0x11490
4G0907379_0190,0x106512,4G0907379H_0361,0x116eae,25,0x1099c
4G0907379_0190,0x1067a8,4G0907379H_0361,0x117140,25,0x10998
4G0907379_0190,0x10731c,4G0907379H_0361,0x116604,25,0xf2e8
4G0907379_0190,0x1079c0,4G0907379H_0361,0x114efc,25,0xd53c
4G0907379_0190,0x108b76,4G0907379H_0361,0x1181fe,25,0xf688
4G0907379_0190,0x108bb8,4G0907379H_0361,0x118240,25,0xf688
4G0907379_0190,0x108bf0,4G0907379H_0361,0x118278,25,0xf688
4G0907379_0190,0x108f2e,4G0907379H_0361,0x1185ae,25,0xf680
4G0907379_0190,0x1090f8,4G0907379H_0361,0x118628,25,0xf530
4G0907379_0190,0x10a7be,4G0907379H_0361,0x1196ca,25,0xef0c
4G0907379_0190,0x10a7e8,4G0907379H_0361,0x1196f4,25,0xef0c
4G0907379_0190,0x10b0e4,4G0907379H_0361,0x11a878,25,0xf794
4G0907379_0190,0x10c28a,4G0907379H_0361,0x11c22e,25,0xffa4
4G0907379_0190,0x10c5e8,4G0907379H_0361,0x11c588,25,0xffa0
4G0907379_0190,0x10c604,4G0907379H_0361,0x11c5a4,25,0xffa0
4G0907379_0190,0x10c63c,4G0907379H_0361,0x11c5dc,25,0xffa0
4G0907379_0190,0x10d5a6,4G0907379H_0361,0x11dbee,25,0x10648
4G0907379_0190,0x10d61a,4G0907379H_0361,0x11dc62,25,0x10648
4G0907379_0190,0x10d834,4G0907379H_0361,0x11de7c,25,0x10648
4G0907379_0190,0x10dee2,4G0907379H_0361,0x120864,25,0x12982
4G0907379_0190,0x10e116,4G0907379H_0361,0x11f996,25,0x11880
4G0907379_0190,0x10e156,4G0907379H_0361,0x11f9d6,25,0x11880
4G0907379_0190,0x10e20c,4G0907379H_0361,0x11fa8c,25,0x11880
4G0907379_0190,0x10e5d6,4G0907379H_0361,0x11fe56,25,0x11880
4G0907379_0190,0x10f1ca,4G0907379H_0361,0x11edae,25,0xfbe4
4G0907379_0190,0x10f252,4G0907379H_0361,0x11ee36,25,0xfbe4
4G0907379_0190,0x10f298,4G0907379H_0361,0x11ee7c,25,0xfbe4
4G0907379_0190,0x10f2f0,4G0907379H_0361,0x11eed4,25,0xfbe4
4G0907379_0190,0x10f322,4G0907379H_0361,0x11ef06,25,0xfbe4
4G0907379_0190,0x10f37a,4G0907379H_0361,0x11ef62,25,0xfbe8
4G0907379_0190,0x10f48c,4G0907379H_0361,0x11f078,25,0xfbec
4G0907379_0190,0x10f58c,4G0907379H_0361,0x11f178,25,0xfbec
4G0907379_0190,0x10f6b0,4G0907379H_0361,0x11f2b0,25,0xfc00
4G0907379_0190,0x10fa44,4G0907379H_0361,0x121e52,25,0x1240e
4G0907379_0190,0x10fcc2,4G0907379H_0361,0x1215da,25,0x11918
4G0907379_0190,0x11027a,4G0907379H_0361,0x12213e,25,0x11ec4
4G0907379_0190,0x1117d4,4G0907379H_0361,0x1236a8,25,0x11ed4
4G0907379_0190,0x113ac8,4G0907379H_0361,0x120b14,25,0xd04c
4G0907379_0190,0x1140d4,4G0907379H_0361,0x11e9c8,25,0xa8f4
4G0907379_0190,0x114594,4G0907379H_0361,0x12684c,25,0x122b8
4G0907379_0190,0x116c14,4G0907379H_0361,0x12b190,25,0x1457c
4G0907379_0190,0x117072,4G0907379H_0361,0x12813a,25,0x110c8
4G0907379_0190,0x117306,4G0907379H_0361,0x1283ce,25,0x110c8
4G0907379_0190,0x117322,4G0907379H_0361,0x1283ea,25,0x110c8
4G0907379_0190,0x117cee,4G0907379H_0361,0x135726,25,0x1da38
4G0907379_0190,0x1185c0,4G0907379H_0361,0x129256,25,0x10c96
4G0907379_0190,0x119748,4G0907379H_0361,0x1297fc,25,0x100b4
4G0907379_0190,0x1197d0,4G0907379H_0361,0x129884,25,0x100b4
4G0907379_0190,0x11a232,4G0907379H_0361,0x12d440,25,0x1320e
4G0907379_0190,0x11a9ce,4G0907379H_0361,0x12c264,25,0x11896
4G0907379_0190,0x11b05c,4G0907379H_0361,0x127e00,25,0xcda4
4G0907379_0190,0x11b916,4G0907379H_0361,0x12e00e,25,0x126f8
4G0907379_0190,0x11c2e4,4G0907379H_0361,0x12dcac,25,0x119c8
4G0907379_0190,0x11ca5e,4G0907379H_0361,0x12eae0,25,0x12082
4G0907379_0190,0x11d2be,4G0907379H_0361,0x12f052,25,0x11d94
4G0907379_0190,0x11f560,4G0907379H_0361,0x12cb28,25,0xd5c8
4G0907379_0190,0x120db6,4G0907379H_0361,0x132c46,25,0x11e90
4G0907379_0190,0x120e66,4G0907379H_0361,0x132cf6,25,0x11e90
4G0907379_0190,0x120e82,4G0907379H_0361,0x132d12,25,0x11e90
4G0907379_0190,0x120e9e,4G0907379H_0361,0x132d2e,25,0x11e90
4G0907379_0190,0x120eba,4G0907379H_0361,0x132d4a,25,0x11e90
4G0907379_0190,0x120ed6,4G0907379H_0361,0x132d66,25,0x11e90
4G0907379_0190,0x120ef2,4G0907379H_0361,0x132d82,25,0x11e90
4G0907379_0190,0x120f4c,4G0907379H_0361,0x132ddc,25,0x11e90
4G0907379_0190,0x120f86,4G0907379H_0361,0x132e16,25,0x11e90
4G0907379_0190,0x120fa2,4G0907379H_0361,0x132e32,25,0x11e90
4G0907379_0190,0x121206,4G0907379H_0361,0x1323ce,25,0x111c8
4G0907379_0190,0x121fe3,4G0907379H_0361,0x13515d,25,0x1317a
4G0907379_0190,0x12220a,4G0907379H_0361,0x134eea,25,0x12ce0
4G0907379_0190,0x1230b6,4G0907379H_0361,0x133862,25,0x107ac
4G0907379_0190,0x1240d0,4G0907379H_0361,0x136918,25,0x12848
4G0907379_0190,0x124ea4,4G0907379H_0361,0x13639c,25,0x114f8
4G0907379_0190,0x12647c,4G0907379H_0361,0x1382fc,25,0x11e80
4G0907379_0190,0x1264ea,4G0907379H_0361,0x13836a,25,0x11e80
4G0907379_0190,0x12676a,4G0907379H_0361,0x1387ee,25,0x12084
4G0907379_0190,0x1267fc,4G0907379H_0361,0x138880,25,0x12084
4G0907379_0190,0x12685c,4G0907379H_0361,0x1388e0,25,0x12084
4G0907379_0190,0x126c90,4G0907379H_0361,0x1392e8,25,0x12658
4G0907379_0190,0x1270cc,4G0907379H_0361,0x139378,25,0x122ac
4G0907379_0190,0x12786a,4G0907379H_0361,0x136fd8,25,0xf76e
4G0907379_0190,0x1285ae,4G0907379H_0361,0x13d742,25,0x15194
4G0907379_0190,0x128668,4G0907379H_0361,0x1399b6,25,0x1134e
4G0907379_0190,0x128684,4G0907379H_0361,0x1399d2,25,0x1134e
4G0907379_0190,0x12986a,4G0907379H_0361,0x13b736,25,0x11ecc
4G0907379_0190,0x129bc6,4G0907379H_0361,0x13c7b2,25,0x12bec
4G0907379_0190,0x12a618,4G0907379H_0361,0x13cbc8,25,0x125b0
4G0907379_0190,0x12adfa,4G0907379H_0361,0x13e5c0,25,0x137c6
4G0907379_0190,0x12be36,4G0907379H_0361,0x13a06a,25,0xe234
4G0907379_0190,0x12cfe0,4G0907379H_0361,0x13f6ec,25,0x1270c
4G0907379_0190,0x12dcd0,4G0907379H_0361,0x13fb88,25,0x11eb8
4G0907379_0190,0x12dd2a,4G0907379H_0361,0x13fbe2,25,0x11eb8
4G0907379_0190,0x12ea1c,4G0907379H_0361,0x141710,25,0x12cf4
4G0907379_0190,0x12ea29,4G0907379H_0361,0x14171d,25,0x12cf4
4G0907379_0190,0x12f9ea,4G0907379H_0361,0x1423de,25,0x129f4
4G0907379_0190,0x12fced,4G0907379H_0361,0x1413b1,25,0x116c4
4G0907379_0190,0x1305a4,4G0907379H_0361,0x142ebc,25,0x12918
4G0907379_0190,0x1310e0,4G0907379H_0361,0x142dc0,25,0x11ce0
4G0907379_0190,0x1316fc,4G0907379H_0361,0x144200,25,0x12b04
4G0907379_0190,0x13171d,4G0907379H_0361,0x144221,25,0x12b04
4G0907379_0190,0x1326ea,4G0907379H_0361,0x14522a,25,0x12b40
4G0907379_0190,0x132706,4G0907379H_0361,0x145246,25,0x12b40
4G0907379_0190,0x132a7a,4G0907379H_0361,0x143d72,25,0x112f8
4G0907379_0190,0x133324,4G0907379H_0361,0x145d94,25,0x12a70
4G0907379_0190,0x133d9a,4G0907379H_0361,0x14694e,25,0x12bb4
4G0907379_0190,0x133db6,4G0907379H_0361,0x14696a,25,0x12bb4
4G0907379_0190,0x134924,4G0907379H_0361,0x1474f0,25,0x12bcc
4G0907379_0190,0x134e5c,4G0907379H_0361,0x147b08,25,0x12cac
4G0907379_0190,0x135274,4G0907379H_0361,0x147d14,25,0x12aa0
4G0907379_0190,0x135b4a,4G0907379H_0361,0x1484f6,25,0x129ac
4G0907379_0190,0x135e6e,4G0907379H_0361,0x148732,25,0x128c4
4G0907379_0190,0x136738,4G0907379H_0361,0x1491c0,25,0x12a88
4G0907379_0190,0x137a40,4G0907379H_0361,0x14a660,25,0x12c20
4G0907379_0190,0x1383e0,4G0907379H_0361,0x14ae8c,25,0x12aac
4G0907379_0190,0x13c4c0,4G0907379H_0361,0x1629d4,25,0x26514
4G0907379_0190,0x13da12,4G0907379H_0361,0x162ef6,25,0x254e4
4G0907379_0190,0x13e39e,4G0907379H_0361,0x16377e,25,0x253e0
4G0907379_0190,0x13ea64,4G0907379H_0361,0x163a14,25,0x24fb0
4G0907379_0190,0x14c160,4G0907379H_0361,0x165abc,25,0x1995c
4G0907379_0190,0x151694,4G0907379H_0361,0x167254,25,0x15bc0
4G0907379_0190,0x153676,4G0907379H_0361,0x1685ec,25,0x14f76
4G0907379_0190,0x153abb,4G0907379H_0361,0x1688df,25,0x14e24
4G0907379_0190,0x161918,4G0907379H_0361,0x169944,25,0x802c
4G0907379_0190,0x161a00,4G0907379H_0361,0x169a2c,25,0x802c
4G0907379_0190,0x161da0,4G0907379H_0361,0x169bfc,25,0x7e5c
4G0907379_0190,0x161efc,4G0907379H_0361,0x169ce4,25,0x7de8
4G0907379_0190,0x162f08,4G0907379H_0361,0x16afe2,25,0x80da
4G0907379_0190,0x1652f6,4G0907379H_0361,0x17069c,25,0xb3a6
4G0907379_0190,0x1676f4,4G0907379H_0361,0x1714f4,25,0x9e00
4G0907379_0190,0x171ed4,4G0907379H_0361,0x16e48a,25,-0x3a4a
4G0907379_0190,0x17ce5c,4G0907379H_0361,0x170334,25,-0xcb28
4G0907379_0190,0x17cea4,4G0907379H_0361,0x170374,25,-0xcb30
4G0907379_0190,0x17d50c,4G0907379H_0361,0x17e1c8,25,0xcbc
4G0907379_0190,0xdb73e,4G0907379H_0361,0xe9644,24,0xdf06
4G0907379_0190,0xdc996,4G0907379H_0361,0xebd66,24,0xf3d0
4G0907379_0190,0xe674a,4G0907379H_0361,0xf7c00,24,0x114b6
4G0907379_0190,0xecba4,4G0907379H_0361,0xfd34a,24,0x107a6
4G0907379_0190,0xed194,4G0907379H_0361,0xfd93c,24,0x107a8
4G0907379_0190,0xf0978,4G0907379H_0361,0xffe94,24,0xf51c
4G0907379_0190,0xf13b8,4G0907379H_0361,0x100348,24,0xef90
4G0907379_0190,0xf290c,4G0907379H_0361,0x105af8,24,0x131ec
4G0907379_0190,0xf2a94,4G0907379H_0361,0x1052ec,24,0x12858
4G0907379_0190,0xf2cc8,4G0907379H_0361,0x100428,24,0xd760
4G0907379_0190,0xf4800,4G0907379H_0361,0x10332c,24,0xeb2c
4G0907379_0190,0xf4ccc,4G0907379H_0361,0x10335c,24,0xe690
4G0907379_0190,0xf56e6,4G0907379H_0361,0x102ece,24,0xd7e8
4G0907379_0190,0xf67c0,4G0907379H_0361,0x103fdc,24,0xd81c
4G0907379_0190,0xf8378,4G0907379H_0361,0x107a08,24,0xf690
4G0907379_0190,0xfbd1e,4G0907379H_0361,0x10c78e,24,0x10a70
4G0907379_0190,0xfc066,4G0907379H_0361,0x10cac2,24,0x10a5c
4G0907379_0190,0xfcdd2,4G0907379H_0361,0x1245ba,24,0x277e8
4G0907379_0190,0xfd26a,4G0907379H_0361,0x10bbea,24,0xe980
4G0907379_0190,0x100166,4G0907379H_0361,0x10fd7a,24,0xfc14
4G0907379_0190,0x100c50,4G0907379H_0361,0x10ee1c,24,0xe1cc
4G0907379_0190,0x10242b,4G0907379H_0361,0x122269,24,0x1fe3e
4G0907379_0190,0x107b10,4G0907379H_0361,0x1150c4,24,0xd5b4
4G0907379_0190,0x107b38,4G0907379H_0361,0x1150f0,24,0xd5b8
4G0907379_0190,0x10859d,4G0907379H_0361,0x119e19,24,0x1187c
4G0907379_0190,0x10cb74,4G0907379H_0361,0x11cb2a,24,0xffb6
4G0907379_0190,0x1106bb,4G0907379H_0361,0x12257f,24,0x11ec4
4G0907379_0190,0x110c1e,4G0907379H_0361,0x12302e,24,0x12410
4G0907379_0190,0x1112b6,4G0907379H_0361,0x12318a,24,0x11ed4
4G0907379_0190,0x111b0c,4G0907379H_0361,0x1239e0,24,0x11ed4
4G0907379_0190,0x113fc5,4G0907379H_0361,0x11e8bb,24,0xa8f6
4G0907379_0190,0x114fcc,4G0907379H_0361,0x127290,24,0x122c4
4G0907379_0190,0x11ae9a,4G0907379H_0361,0x12d226,24,0x1238c
4G0907379_0190,0x11b139,4G0907379H_0361,0x13e849,24,0x23710
4G0907379_0190,0x11db58,4G0907379H_0361,0x12ff3c,24,0x123e4
4G0907379_0190,0x11dca9,4G0907379H_0361,0x12f775,24,0x11acc
4G0907379_0190,0x11e077,4G0907379H_0361,0x12fb5f,24,0x11ae8
4G0907379_0190,0x11fe02,4G0907379H_0361,0x132706,24,0x12904
4G0907379_0190,0x121816,4G0907379H_0361,0x133482,24,0x11c6c
4G0907379_0190,0x123e90,4G0907379H_0361,0x136b38,24,0x12ca8
4G0907379_0190,0x124200,4G0907379H_0361,0x136a48,24,0x12848
4G0907379_0190,0x12421a,4G0907379H_0361,0x136a62,24,0x12848
4G0907379_0190,0x124821,4G0907379H_0361,0x136599,24,0x11d78
4G0907379_0190,0x124960,4G0907379H_0361,0x137600,24,0x12ca0
4G0907379_0190,0x1274fc,4G0907379H_0361,0x139d30,24,0x12834
4G0907379_0190,0x12893e,4G0907379H_0361,0x13c0a6,24,0x13768
4G0907379_0190,0x1291dc,4G0907379H_0361,0x13bf68,24,0x12d8c
4G0907379_0190,0x129c62,4G0907379H_0361,0x13c84e,24,0x12bec
4G0907379_0190,0x12af5e,4G0907379H_0361,0x13d944,24,0x129e6
4G0907379_0190,0x12b306,4G0907379H_0361,0x13c886,24,0x11580
4G0907379_0190,0x12c4d2,4G0907379H_0361,0x1403ee,24,0x13f1c
4G0907379_0190,0x12d63a,4G0907379H_0361,0x13f85e,24,0x12224
4G0907379_0190,0x12de60,4G0907379H_0361,0x1405ac,24,0x1274c
4G0907379_0190,0x12e0d2,4G0907379H_0361,0x140de6,24,0x12d14
4G0907379_0190,0x12f556,4G0907379H_0361,0x142676,24,0x13120
4G0907379_0190,0x12f570,4G0907379H_0361,0x142690,24,0x13120
4G0907379_0190,0x12f6f0,4G0907379H_0361,0x1420ca,24,0x129da
4G0907379_0190,0x131c78,4G0907379H_0361,0x144522,24,0x128aa
4G0907379_0190,0x133dd2,4G0907379H_0361,0x146986,24,0x12bb4
4G0907379_0190,0x1374e0,4G0907379H_0361,0x149b4a,24,0x1266a
4G0907379_0190,0x1380e3,4G0907379H_0361,0x14ac5f,24,0x12b7c
4G0907379_0190,0x138850,4G0907379H_0361,0x14b278,24,0x12a28
4G0907379_0190,0x13a2d0,4G0907379H_0361,0x1622fc,24,0x2802c
4G0907379_0190,0x13dd16,4G0907379H_0361,0x162ff4,24,0x252de
4G0907379_0190,0x13f446,4G0907379H_0361,0x15d245,24,0x1ddff
4G0907379_0190,0x149564,4G0907379H_0361,0x1651fc,24,0x1bc98
4G0907379_0190,0x149c3c,4G0907379H_0361,0x1652b0,24,0x1b674
4G0907379_0190,0x14a692,4G0907379H_0361,0x1655a4,24,0x1af12
4G0907379_0190,0x14cfde,4G0907379H_0361,0x165f1a,24,0x18f3c
4G0907379_0190,0x14d5dc,4G0907379H_0361,0x1662a6,24,0x18cca
4G0907379_0190,0x14ead6,4G0907379H_0361,0x16677c,24,0x17ca6
4G0907379_0190,0x150bd6,4G0907379H_0361,0x1670e8,24,0x16512
4G0907379_0190,0x151346,4G0907379H_0361,0x1671e4,24,0x15e9e
4G0907379_0190,0x1525b9,4G0907379H_0361,0x167561,24,0x14fa8
4G0907379_0190,0x164b57,4G0907379H_0361,0x17075f,24,0xbc08
4G0907379_0190,0x16739a,4G0907379H_0361,0x171952,24,0xa5b8
4G0907379_0190,0x171ea9,4G0907379H_0361,0x16e43d,24,-0x3a6c
4G0907379_0190,0x17dc6c,4G0907379H_0361,0x16f8c4,24,-0xe3a8
4G0907379_0190,0xda68a,4G0907379H_0361,0xe83e0,23,0xdd56
4G0907379_0190,0xdcd9e,4G0907379H_0361,0xeb0f8,23,0xe35a
4G0907379_0190,0xdddf4,4G0907379H_0361,0xec1e8,23,0xe3f4
4G0907379_0190,0xdee20,4G0907379H_0361,0xed274,23,0xe454
4G0907379_0190,0xdfb34,4G0907379H_0361,0xedfdc,23,0xe4a8
4G0907379_0190,0xe0ab8,4G0907379H_0361,0xf1e74,23,0x113bc
4G0907379_0190,0xe0db0,4G0907379H_0361,0xf216c,23,0x113bc
4G0907379_0190,0xe10d0,4G0907379H_0361,0xf248c,23,0x113bc
4G0907379_0190,0xe116c,4G0907379H_0361,0xf2528,23,0x113bc
4G0907379_0190,0xe25fc,4G0907379H_0361,0xf39b8,23,0x113bc
4G0907379_0190,0xe28b4,4G0907379H_0361,0xf3c70,23,0x113bc
4G0907379_0190,0xe4f96,4G0907379H_0361,0xf647a,23,0x114e4
4G0907379_0190,0xe5a5c,4G0907379H_0361,0xf6f42,23,0x114e6
4G0907379_0190,0xe69b8,4G0907379H_0361,0xf7e52,23,0x1149a
4G0907379_0190,0xe6b90,4G0907379H_0361,0xf7ee8,23,0x11358
4G0907379_0190,0xe6e3c,4G0907379H_0361,0xf82b8,23,0x1147c
4G0907379_0190,0xe70ee,4G0907379H_0361,0xf8566,23,0x11478
4G0907379_0190,0xeb75a,4G0907379H_0361,0xf9ace,23,0xe374
4G0907379_0190,0xecef2,4G0907379H_0361,0xfd69e,23,0x107ac
4G0907379_0190,0xed02c,4G0907379H_0361,0xfd7d8,23,0x107ac
4G0907379_0190,0xed17c,4G0907379H_0361,0xfd924,23,0x107a8
4G0907379_0190,0xed206,4G0907379H_0361,0xfd9ae,23,0x107a8
4G0907379_0190,0xed27e,4G0907379H_0361,0xfda26,23,0x107a8
4G0907379_0190,0xed466,4G0907379H_0361,0xfdc0e,23,0x107a8
4G0907379_0190,0xed950,4G0907379H_0361,0xfe0f8,23,0x107a8
4G0907379_0190,0xedffa,4G0907379H_0361,0xfe79a,23,0x107a0
4G0907379_0190,0xeff60,4G0907379H_0361,0xff344,23,0xf3e4
4G0907379_0190,0xeffc8,4G0907379H_0361,0xff3a8,23,0xf3e0
4G0907379_0190,0xf02e8,4G0907379H_0361,0xff760,23,0xf478
4G0907379_0190,0xf0468,4G0907379H_0361,0xff8e0,23,0xf478
4G0907379_0190,0xf1d5c,4G0907379H_0361,0x105c80,23,0x13f24
4G0907379_0190,0xf1fb0,4G0907379H_0361,0x105ed4,23,0x13f24
4G0907379_0190,0xf2228,4G0907379H_0361,0x10614c,23,0x13f24
4G0907379_0190,0xf247c,4G0907379H_0361,0x106398,23,0x13f1c
4G0907379_0190,0xf25b0,4G0907379H_0361,0x104f5c,23,0x129ac
4G0907379_0190,0xf2f80,4G0907379H_0361,0x1006e4,23,0xd764
4G0907379_0190,0xf4090,4G0907379H_0361,0x1019a8,23,0xd918
4G0907379_0190,0xf4130,4G0907379H_0361,0x101a48,23,0xd918
4G0907379_0190,0xf4288,4G0907379H_0361,0x101aa8,23,0xd820
4G0907379_0190,0xf44e0,4G0907379H_0361,0x1029b4,23,0xe4d4
4G0907379_0190,0xf4bc3,4G0907379H_0361,0x102383,23,0xd7c0
4G0907379_0190,0xf5bc8,4G0907379H_0361,0x103634,23,0xda6c
4G0907379_0190,0xf5d81,4G0907379H_0361,0x104379,23,0xe5f8
4G0907379_0190,0xf6004,4G0907379H_0361,0x103ac0,23,0xdabc
4G0907379_0190,0xf62d8,4G0907379H_0361,0x1039f8,23,0xd720
4G0907379_0190,0xf6428,4G0907379H_0361,0x103ba0,23,0xd778
4G0907379_0190,0xf67d8,4G0907379H_0361,0x104000,23,0xd828
4G0907379_0190,0xf6f60,4G0907379H_0361,0x1048e8,23,0xd988
4G0907379_0190,0xf7e1f,4G0907379H_0361,0x10741b,23,0xf5fc
4G0907379_0190,0xf7f02,4G0907379H_0361,0x1074fe,23,0xf5fc
4G0907379_0190,0xfb2f2,4G0907379H_0361,0x10acd2,23,0xf9e0
4G0907379_0190,0xfb6f0,4G0907379H_0361,0x10b0d8,23,0xf9e8
4G0907379_0190,0xfb93b,4G0907379H_0361,0x10b32b,23,0xf9f0
4G0907379_0190,0xfc7e6,4G0907379H_0361,0x10d212,23,0x10a2c
4G0907379_0190,0xfcabe,4G0907379H_0361,0x10d4ee,23,0x10a30
4G0907379_0190,0xfd380,4G0907379H_0361,0x10bd00,23,0xe980
4G0907379_0190,0xfdaea,4G0907379H_0361,0x10c4b2,23,0xe9c8
4G0907379_0190,0xfec46,4G0907379H_0361,0x11040a,23,0x117c4
4G0907379_0190,0xff184,4G0907379H_0361,0x110948,23,0x117c4
4G0907379_0190,0xff7b8,4G0907379H_0361,0x110f74,23,0x117bc
4G0907379_0190,0xffa78,4G0907379H_0361,0x10f678,23,0xfc00
4G0907379_0190,0x100426,4G0907379H_0361,0x110052,23,0xfc2c
4G0907379_0190,0x100888,4G0907379H_0361,0x10f2c4,23,0xea3c
4G0907379_0190,0x100b60,4G0907379H_0361,0x10f09c,23,0xe53c
4G0907379_0190,0x100e70,4G0907379H_0361,0x10ec18,23,0xdda8
4G0907379_0190,0x100f50,4G0907379H_0361,0x10ecf8,23,0xdda8
4G0907379_0190,0x100f88,4G0907379H_0361,0x10ed30,23,0xdda8
4G0907379_0190,0x101848,4G0907379H_0361,0x111208,23,0xf9c0
4G0907379_0190,0x101d5c,4G0907379H_0361,0x111b08,23,0xfdac
4G0907379_0190,0x1038cc,4G0907379H_0361,0x128634,23,0x24d68
4G0907379_0190,0x104954,4G0907379H_0361,0x115de4,23,0x11490
4G0907379_0190,0x104dd6,4G0907379H_0361,0x116266,23,0x11490
4G0907379_0190,0x10729c,4G0907379H_0361,0x116580,23,0xf2e4
4G0907379_0190,0x1078fe,4G0907379H_0361,0x114e1a,23,0xd51c
4G0907379_0190,0x107b44,4G0907379H_0361,0x1150fc,23,0xd5b8
4G0907379_0190,0x108f58,4G0907379H_0361,0x1185d8,23,0xf680
4G0907379_0190,0x109344,4G0907379H_0361,0x1189d6,23,0xf692
4G0907379_0190,0x10951c,4G0907379H_0361,0x118bce,23,0xf6b2
4G0907379_0190,0x10a296,4G0907379H_0361,0x119146,23,0xeeb0
4G0907379_0190,0x10a804,4G0907379H_0361,0x119710,23,0xef0c
4G0907379_0190,0x10a89c,4G0907379H_0361,0x1197a0,23,0xef04
4G0907379_0190,0x10afae,4G0907379H_0361,0x11a73a,23,0xf78c
4G0907379_0190,0x10b20c,4G0907379H_0361,0x11b15c,23,0xff50
4G0907379_0190,0x10b2b0,4G0907379H_0361,0x11b200,23,0xff50
4G0907379_0190,0x10b444,4G0907379H_0361,0x11b34c,23,0xff08
4G0907379_0190,0x10b468,4G0907379H_0361,0x11b370,23,0xff08
4G0907379_0190,0x10c14e,4G0907379H_0361,0x11c0fa,23,0xffac
4G0907379_0190,0x10c2c6,4G0907379H_0361,0x11c266,23,0xffa0
4G0907379_0190,0x10c986,4G0907379H_0361,0x11c938,23,0xffb2
4G0907379_0190,0x10d972,4G0907379H_0361,0x11dfba,23,0x10648
4G0907379_0190,0x10daa3,4G0907379H_0361,0x11e0eb,23,0x10648
4G0907379_0190,0x10dc1a,4G0907379H_0361,0x1205b6,23,0x1299c
4G0907379_0190,0x10e264,4G0907379H_0361,0x11fae4,23,0x11880
4G0907379_0190,0x10e324,4G0907379H_0361,0x11fba4,23,0x11880
4G0907379_0190,0x10e59a,4G0907379H_0361,0x11fe1a,23,0x11880
4G0907379_0190,0x10f9a6,4G0907379H_0361,0x121db4,23,0x1240e
4G0907379_0190,0x111468,4G0907379H_0361,0x12333c,23,0x11ed4
4G0907379_0190,0x11209e,4G0907379H_0361,0x12bfd6,23,0x19f38
4G0907379_0190,0x113ae6,4G0907379H_0361,0x120b32,23,0xd04c
4G0907379_0190,0x113e5a,4G0907379H_0361,0x120f62,23,0xd108
4G0907379_0190,0x114400,4G0907379H_0361,0x1266b8,23,0x122b8
4G0907379_0190,0x1146e8,4G0907379H_0361,0x12699c,23,0x122b4
4G0907379_0190,0x11471a,4G0907379H_0361,0x1269ce,23,0x122b4
4G0907379_0190,0x115e06,4G0907379H_0361,0x126ede,23,0x110d8
4G0907379_0190,0x1166d6,4G0907379H_0361,0x126128,23,0xfa52
4G0907379_0190,0x116bf3,4G0907379H_0361,0x12b16f,23,0x1457c
4G0907379_0190,0x116c34,4G0907379H_0361,0x12b1b0,23,0x1457c
4G0907379_0190,0x117c8c,4G0907379H_0361,0x12c3fc,23,0x14770
4G0907379_0190,0x1181a6,4G0907379H_0361,0x12aa12,23,0x1286c
4G0907379_0190,0x1182dc,4G0907379H_0361,0x12ab54,23,0x12878
4G0907379_0190,0x118552,4G0907379H_0361,0x1291e8,23,0x10c96
4G0907379_0190,0x118642,4G0907379H_0361,0x1292d8,23,0x10c96
4G0907379_0190,0x118844,4G0907379H_0361,0x1294d4,23,0x10c90
4G0907379_0190,0x119110,4G0907379H_0361,0x127878,23,0xe768
4G0907379_0190,0x1193a0,4G0907379H_0361,0x127b50,23,0xe7b0
4G0907379_0190,0x119d18,4G0907379H_0361,0x12b964,23,0x11c4c
4G0907379_0190,0x119e8a,4G0907379H_0361,0x12bad6,23,0x11c4c
4G0907379_0190,0x11a1d2,4G0907379H_0361,0x12d3e0,23,0x1320e
4G0907379_0190,0x11a362,4G0907379H_0361,0x12d53a,23,0x131d8
4G0907379_0190,0x11aa96,4G0907379H_0361,0x12c336,23,0x118a0
4G0907379_0190,0x11b2fa,4G0907379H_0361,0x12d69a,23,0x123a0
4G0907379_0190,0x11ba4e,4G0907379H_0361,0x12e146,23,0x126f8
4G0907379_0190,0x11be12,4G0907379H_0361,0x12f502,23,0x136f0
4G0907379_0190,0x11bee8,4G0907379H_0361,0x12f5bc,23,0x136d4
4G0907379_0190,0x11c4fc,4G0907379H_0361,0x12dedc,23,0x119e0
4G0907379_0190,0x11c986,4G0907379H_0361,0x12ea0a,23,0x12084
4G0907379_0190,0x11ca78,4G0907379H_0361,0x12eafa,23,0x12082
4G0907379_0190,0x11e544,4G0907379H_0361,0x130644,23,0x12100
4G0907379_0190,0x11e884,4G0907379H_0361,0x13099c,23,0x12118
4G0907379_0190,0x11ee5a,4G0907379H_0361,0x13123e,23,0x123e4
4G0907379_0190,0x11ef28,4G0907379H_0361,0x13130c,23,0x123e4
4G0907379_0190,0x11efc0,4G0907379H_0361,0x1313a4,23,0x123e4
4G0907379_0190,0x11f6a2,4G0907379H_0361,0x125a26,23,0x6384
4G0907379_0190,0x120e2e,4G0907379H_0361,0x132cbe,23,0x11e90
4G0907379_0190,0x121474,4G0907379H_0361,0x13307c,23,0x11c08
4G0907379_0190,0x1225a8,4G0907379H_0361,0x134954,23,0x123ac
4G0907379_0190,0x1234d2,4G0907379H_0361,0x135aee,23,0x1261c
4G0907379_0190,0x124ed0,4G0907379H_0361,0x1363c8,23,0x114f8
4G0907379_0190,0x1250d2,4G0907379H_0361,0x137d6e,23,0x12c9c
4G0907379_0190,0x1256b4,4G0907379H_0361,0x138b2a,23,0x13476
4G0907379_0190,0x1282a6,4G0907379H_0361,0x133b2a,23,0xb884
4G0907379_0190,0x1286f2,4G0907379H_0361,0x13e8d2,23,0x161e0
4G0907379_0190,0x12a6b4,4G0907379H_0361,0x13cc64,23,0x125b0
4G0907379_0190,0x12aa64,4G0907379H_0361,0x13d18c,23,0x12728
4G0907379_0190,0x12b0ee,4G0907379H_0361,0x13e1ba,23,0x130cc
4G0907379_0190,0x12b6e6,4G0907379H_0361,0x13e36e,23,0x12c88
4G0907379_0190,0x12be18,4G0907379H_0361,0x13a050,23,0xe238
4G0907379_0190,0x12be74,4G0907379H_0361,0x13a0a4,23,0xe230
4G0907379_0190,0x12c702,4G0907379H_0361,0x13ee12,23,0x12710
4G0907379_0190,0x12ce10,4G0907379H_0361,0x13f13e,23,0x1232e
4G0907379_0190,0x12e110,4G0907379H_0361,0x140e24,23,0x12d14
4G0907379_0190,0x12ebea,4G0907379H_0361,0x1418de,23,0x12cf4
4G0907379_0190,0x12ec04,4G0907379H_0361,0x1418f8,23,0x12cf4
4G0907379_0190,0x12f4b0,4G0907379H_0361,0x1425d0,23,0x13120
4G0907379_0190,0x12fa94,4G0907379H_0361,0x141e40,23,0x123ac
4G0907379_0190,0x12fdc6,4G0907379H_0361,0x1415c6,23,0x11800
4G0907379_0190,0x12fde0,4G0907379H_0361,0x1415e0,23,0x11800
4G0907379_0190,0x1305fc,4G0907379H_0361,0x142f14,23,0x12918
4G0907379_0190,0x131062,4G0907379H_0361,0x142d32,23,0x11cd0
4G0907379_0190,0x1325ee,4G0907379H_0361,0x144aea,23,0x124fc
4G0907379_0190,0x133870,4G0907379H_0361,0x14638c,23,0x12b1c
4G0907379_0190,0x134ee0,4G0907379H_0361,0x147b88,23,0x12ca8
4G0907379_0190,0x134f64,4G0907379H_0361,0x147c08,23,0x12ca4
4G0907379_0190,0x136600,4G0907379H_0361,0x1490f0,23,0x12af0
4G0907379_0190,0x138376,4G0907379H_0361,0x14ae42,23,0x12acc
4G0907379_0190,0x138524,4G0907379H_0361,0x14afb0,23,0x12a8c
4G0907379_0190,0x138f1e,4G0907379H_0361,0x17f0d0,23,0x461b2
4G0907379_0190,0x139f0b,4G0907379H_0361,0x162149,23,0x2823e
4G0907379_0190,0x139fe3,4G0907379H_0361,0x162207,23,0x28224
4G0907379_0190,0x13cf17,4G0907379H_0361,0x162b87,23,0x25c70
4G0907379_0190,0x13d038,4G0907379H_0361,0x162ba4,23,0x25b6c
4G0907379_0190,0x140223,4G0907379H_0361,0x1641d1,23,0x23fae
4G0907379_0190,0x14156f,4G0907379H_0361,0x16487f,23,0x23310
4G0907379_0190,0x1419c2,4G0907379H_0361,0x16490a,23,0x22f48
4G0907379_0190,0x141afe,4G0907379H_0361,0x16492e,23,0x22e30
4G0907379_0190,0x1477a0,4G0907379H_0361,0x16322c,23,0x1ba8c
4G0907379_0190,0x147a84,4G0907379H_0361,0x164c3a,23,0x1d1b6
4G0907379_0190,0x148b12,4G0907379H_0361,0x165032,23,0x1c520
4G0907379_0190,0x1493f0,4G0907379H_0361,0x1651d4,23,0x1bde4
4G0907379_0190,0x149797,4G0907379H_0361,0x16522f,23,0x1ba98
4G0907379_0190,0x14c156,4G0907379H_0361,0x165ab2,23,0x1995c
4G0907379_0190,0x14cfd0,4G0907379H_0361,0x165f0c,23,0x18f3c
4G0907379_0190,0x14d9b8,4G0907379H_0361,0x16633c,23,0x18984
4G0907379_0190,0x15378a,4G0907379H_0361,0x168730,23,0x14fa6
4G0907379_0190,0x1537de,4G0907379H_0361,0x168784,23,0x14fa6
4G0907379_0190,0x153832,4G0907379H_0361,0x1687d8,23,0x14fa6
4G0907379_0190,0x153a7f,4G0907379H_0361,0x1688a3,23,0x14e24
4G0907379_0190,0x171d98,4G0907379H_0361,0x170004,23,-0x1d94
4G0907379_0190,0x172441,4G0907379H_0361,0x16eb01,23,-0x3940
4G0907379_0190,0x17c54c,4G0907379H_0361,0x169374,23,-0x131d8
